Country_Code,Year,GDP_Per_Capita
AFG,2009,2565.022
AFG,2010,2848.5862
AFG,2011,2757.0525
AFG,2012,2985.319
AFG,2015,2967.6921
AFG,2016,2958.7854
AFG,2017,2952.999
AFG,2018,2902.392
AFG,2019,2927.245
AFG,2020,2769.6858
AFG,2021,2144.1665
ALB,1992,3761.1555
ALB,1993,4145.92
ALB,1994,4517.799
ALB,1995,5151.3975
ALB,1996,5563.793
ALB,1997,4943.004
ALB,1998,5387.5684
ALB,1999,6086.009
ALB,2000,6582.0166
ALB,2001,7232.9907
ALB,2002,7590.49
ALB,2003,8025.2812
ALB,2004,8483.294
ALB,2005,8964.318
ALB,2006,9564.029
ALB,2007,10262.967
ALB,2008,11056.352
ALB,2009,11430.622
ALB,2010,11829.054
ALB,2011,12153.114
ALB,2012,12463.57
ALB,2013,12873.483
ALB,2014,13366.56
ALB,2015,13876.819
ALB,2016,14643.489
ALB,2017,15359.461
ALB,2018,16170.99
ALB,2019,16761.193
ALB,2020,16457.787
ALB,2021,18212.871
ALB,2022,19388.873
ALB,2023,20481.035
ALB,2024,21641.074
DZA,2006,13920.694
DZA,2007,14114.675
DZA,2008,14206.776
DZA,2009,14104.428
DZA,2010,14496.421
DZA,2011,14641.964
DZA,2012,14697.54
DZA,2013,14778.191
DZA,2014,15073.763
DZA,2015,15239.518
DZA,2016,15511.686
DZA,2017,15427.664
DZA,2018,15343.426
DZA,2019,15199.199
DZA,2020,14194.155
DZA,2021,14496.865
DZA,2022,14782.2
DZA,2023,15159.324
AND,2004,64353.484
AND,2007,65534.117
AND,2008,60691.605
AND,2009,57203.973
AND,2010,58285.06
AND,2011,60470.465
AND,2012,58172.133
AND,2013,57332.16
AND,2014,59929.246
AND,2015,62105.152
AND,2020,55488.492
AGO,2011,11037.639
AGO,2012,11519.993
AGO,2015,11392.906
AGO,2016,10805.712
ATG,1990,21074.576
ATG,1991,21424.291
ATG,1992,21330.273
ATG,1993,22051.438
ATG,1994,23081.664
ATG,1995,21639.602
ATG,1996,22597.314
ATG,1997,23350.309
ATG,2000,25547.611
ATG,2001,24014.775
ATG,2002,23958.164
ATG,2003,25136.002
ATG,2004,26303.617
ATG,2005,27692.635
ATG,2006,30827.342
ATG,2007,33245.27
ATG,2008,32756.307
ATG,2009,28405.69
ATG,2010,25826.61
ATG,2012,25592.906
ATG,2017,27199.195
ATG,2018,28878.607
ATG,2019,29651.863
ATG,2020,23930.672
ATG,2021,25745.496
ATG,2022,27941.785
ATG,2023,28474.045
ARG,2001,21066.459
ARG,2002,18571.701
ARG,2003,20005.139
ARG,2004,21591.45
ARG,2005,23262.408
ARG,2006,24877.25
ARG,2007,26850.664
ARG,2008,27658.484
ARG,2009,25747.197
ARG,2010,28056.258
ARG,2011,29425.76
ARG,2012,28825.967
ARG,2013,29227.66
ARG,2014,28200.814
ARG,2015,28669.207
ARG,2016,27802.105
ARG,2017,28334.904
ARG,2018,27367.115
ARG,2019,26629.553
ARG,2020,23877.094
ARG,2021,26300.273
ARG,2022,27825.027
ARG,2023,27230.396
ARM,1990,6137.6006
ARM,1991,5326.753
ARM,1992,3136.7244
ARM,1993,2958.8804
ARM,1994,3200.8965
ARM,1995,3480.7559
ARM,1996,3717.3357
ARM,1997,3879.1794
ARM,1998,4211.5127
ARM,1999,4406.9673
ARM,2000,4589.0083
ARM,2001,5044.1167
ARM,2002,5731.3535
ARM,2004,7299.4
ARM,2005,8362.9
ARM,2006,9525.231
ARM,2007,10898.849
ARM,2008,11727.482
ARM,2009,10143.235
ARM,2010,10438.564
ARM,2011,10990.177
ARM,2012,11796.274
ARM,2013,12194.019
ARM,2014,12667.376
ARM,2015,13112.76
ARM,2016,13192.994
ARM,2017,14243.875
ARM,2018,15037.045
ARM,2019,16215.36
ARM,2020,15052.936
ARM,2021,15921.705
ARM,2022,17886.178
ARM,2023,19402.752
ABW,1990,33063.0
ABW,1995,35386.86
ABW,1999,35227.477
ABW,2001,38729.457
ABW,2002,38098.906
ABW,2003,38086.01
ABW,2004,40000.562
ABW,2005,38828.215
ABW,2006,38566.8
ABW,2007,39462.586
ABW,2008,39881.59
ABW,2009,34986.15
ABW,2010,33951.625
ABW,2011,34837.94
ABW,2012,33972.34
ABW,2013,35621.785
ABW,2014,35746.863
AUS,1990,36267.742
AUS,1991,35670.668
AUS,1992,35426.285
AUS,1993,36533.15
AUS,1994,37622.652
AUS,1995,38653.336
AUS,1996,39663.16
AUS,1997,40773.566
AUS,1998,42257.17
AUS,1999,43899.074
AUS,2000,45099.074
AUS,2001,45428.2
AUS,2002,46688.395
AUS,2003,47581.23
AUS,2004,49061.277
AUS,2005,49997.066
AUS,2006,50693.727
AUS,2007,51663.242
AUS,2008,52473.383
AUS,2009,52407.91
AUS,2010,52739.27
AUS,2011,53257.047
AUS,2012,54403.883
AUS,2013,54895.004
AUS,2014,55489.07
AUS,2015,55879.996
AUS,2016,56529.953
AUS,2017,56881.855
AUS,2018,57647.844
AUS,2019,58048.617
AUS,2020,57260.465
AUS,2021,58327.414
AUS,2022,60029.133
AUS,2023,60684.96
AUT,1990,43258.176
AUT,1991,44302.42
AUT,1992,44734.855
AUT,1993,44601.207
AUT,1994,45497.137
AUT,1995,46639.53
AUT,1996,47608.633
AUT,1997,48575.16
AUT,1998,50216.7
AUT,1999,52004.53
AUT,2000,53534.344
AUT,2001,54032.152
AUT,2002,54565.08
AUT,2003,54919.79
AUT,2004,55980.23
AUT,2005,56890.28
AUT,2006,58460.24
AUT,2007,60470.91
AUT,2008,61157.99
AUT,2009,58810.44
AUT,2010,59730.55
AUT,2011,61272.258
AUT,2012,61376.723
AUT,2013,60863.055
AUT,2014,60845.66
AUT,2015,60951.688
AUT,2016,61572.71
AUT,2017,62535.9
AUT,2018,63778.027
AUT,2019,64609.375
AUT,2020,60276.414
AUT,2021,62968.94
AUT,2022,65694.555
AUT,2023,64536.297
AZE,1990,10776.067
AZE,1991,10559.212
AZE,1992,8050.2163
AZE,1993,6097.4863
AZE,1994,4830.699
AZE,1995,4211.721
AZE,1996,4223.523
AZE,1997,4425.5884
AZE,1998,4822.16
AZE,1999,5133.748
AZE,2000,5656.9297
AZE,2001,6168.9854
AZE,2002,6701.0815
AZE,2007,16587.365
AZE,2008,17963.021
AZE,2010,19925.39
AZE,2011,19358.078
AZE,2012,19523.373
AZE,2013,20398.646
AZE,2014,20709.201
AZE,2015,20678.754
AZE,2016,19822.41
AZE,2017,19659.004
AZE,2018,19781.852
AZE,2019,20101.492
AZE,2020,19126.098
AZE,2021,20111.375
AZE,2022,21051.244
AZE,2023,21310.738
AZE,2024,22072.148
BHS,1990,33072.16
BHS,1991,31148.904
BHS,1992,29412.88
BHS,1993,28955.352
BHS,1994,29346.361
BHS,1995,30128.193
BHS,1996,30907.82
BHS,1997,30839.025
BHS,2000,34597.164
BHS,2001,35072.367
BHS,2002,35610.68
BHS,2003,34740.76
BHS,2004,34617.805
BHS,2005,35365.465
BHS,2006,35789.133
BHS,2007,35797.117
BHS,2008,34498.035
BHS,2009,32630.264
BHS,2010,32711.459
BHS,2011,32535.662
BHS,2012,33667.555
BHS,2013,32402.916
BHS,2014,32712.635
BHS,2015,32777.586
BHS,2016,32172.336
BHS,2017,33050.035
BHS,2018,33650.215
BHS,2019,33202.49
BHS,2020,26452.695
BHS,2021,31064.682
BHS,2022,34342.93
BHR,1995,53537.684
BHR,1996,54289.438
BHR,1997,54512.855
BHR,2001,57280.7
BHR,2002,55096.656
BHR,2007,52731.793
BHR,2008,52765.39
BHR,2009,50665.75
BHR,2010,50704.848
BHR,2011,53132.33
BHR,2012,54516.84
BHR,2013,55376.402
BHR,2014,55065.82
BHR,2015,54149.914
BHR,2016,54107.074
BHR,2017,53859.773
BHR,2018,54893.074
BHR,2019,56749.96
BHR,2020,53814.246
BHR,2021,54954.676
BHR,2022,57572.996
BGD,2000,2712.935
BGD,2001,2803.5547
BGD,2002,2866.4346
BGD,2003,2958.915
BGD,2004,3071.838
BGD,2005,3231.6138
BGD,2006,3407.4272
BGD,2007,3608.9155
BGD,2008,3787.9382
BGD,2009,3942.1362
BGD,2010,4125.464
BGD,2011,4352.4263
BGD,2012,4592.0483
BGD,2013,4822.726
BGD,2014,5068.6396
BGD,2015,5352.7114
BGD,2016,5682.5356
BGD,2017,6005.707
BGD,2018,6392.5933
BRB,1990,19613.248
BRB,1991,18790.87
BRB,1992,17660.324
BRB,1993,17748.555
BRB,1994,18064.4
BRB,1995,18398.75
BRB,1998,20752.81
BRB,1999,20815.836
BRB,2000,21779.22
BRB,2001,21234.709
BRB,2002,21262.309
BRB,2003,21591.791
BRB,2004,21771.902
BRB,2005,22514.484
BRB,2006,23766.607
BRB,2007,24145.754
BRB,2008,24171.652
BRB,2009,22840.885
BRB,2010,22243.457
BRB,2011,22102.482
BRB,2012,21286.332
BRB,2013,20854.568
BRB,2014,20959.965
BRB,2015,20666.965
BRB,2016,20930.633
BRB,2017,21035.793
BRB,2018,20727.422
BRB,2019,20737.979
BRB,2020,17728.072
BRB,2021,17682.732
BRB,2022,20716.285
BLR,1990,12351.636
BLR,1991,12197.788
BLR,1992,11002.602
BLR,1993,10143.984
BLR,1994,8967.73
BLR,1995,8061.196
BLR,1996,8314.856
BLR,1997,9301.327
BLR,1998,10128.156
BLR,1999,10519.749
BLR,2000,11182.455
BLR,2001,11771.087
BLR,2002,12443.933
BLR,2007,20019.611
BLR,2008,22137.947
BLR,2009,22236.838
BLR,2010,24012.613
BLR,2011,25404.756
BLR,2012,25879.133
BLR,2013,26147.625
BLR,2014,26564.436
BLR,2015,25513.213
BLR,2016,24846.83
BLR,2017,25503.98
BLR,2018,26363.463
BLR,2019,26798.82
BEL,1990,41640.06
BEL,1991,42246.074
BEL,1992,42719.047
BEL,1993,42143.195
BEL,1994,43369.277
BEL,1995,44310.63
BEL,1996,44808.523
BEL,1997,46396.004
BEL,2000,50455.734
BEL,2001,50835.4
BEL,2002,51471.85
BEL,2021,60669.215
BLZ,2000,11363.687
BLZ,2001,11567.026
BLZ,2002,11828.187
BLZ,2003,12589.268
BLZ,2004,12807.166
BLZ,2005,12714.97
BLZ,2006,12912.53
BLZ,2007,12973.207
BLZ,2008,12415.681
BLZ,2009,12033.91
BLZ,2010,11913.664
BLZ,2011,11641.771
BLZ,2012,11843.415
BLZ,2013,12064.797
BLZ,2014,12272.296
BLZ,2015,12348.795
BLZ,2016,12063.06
BLZ,2017,11572.301
BLZ,2018,11451.897
BLZ,2019,11765.975
BLZ,2020,10045.141
BLZ,2021,11716.327
BLZ,2022,12565.364
BMU,1990,79747.484
BMU,1991,76365.05
BMU,1992,75766.695
BMU,1993,77503.46
BMU,1994,77470.3
BMU,1996,82122.78
BMU,1997,85380.836
BMU,1998,88034.81
BMU,1999,90290.56
BMU,2000,98019.93
BMU,2001,104560.836
BMU,2002,102559.766
BMU,2003,105642.98
BMU,2004,107803.2
BMU,2005,109335.38
BMU,2006,115170.9
BMU,2007,118691.07
BMU,2008,115942.73
BMU,2009,108962.82
BMU,2010,105968.875
BMU,2011,101989.93
BMU,2012,96711.07
BMU,2013,96549.79
BMU,2014,93042.27
BMU,2015,93859.875
BMU,2016,93265.07
BMU,2017,96437.195
BMU,2018,95639.23
BMU,2019,95519.92
BMU,2020,88618.086
BMU,2021,92319.67
BMU,2022,98145.17
BMU,2023,103052.35
BTN,1990,3411.3838
BTN,1991,3338.0095
BTN,1992,3624.598
BTN,1993,3850.5513
BTN,1994,4042.4941
BTN,1995,4379.8706
BTN,1996,4616.92
BTN,1997,4778.705
BTN,1998,4965.8765
BTN,1999,5241.3667
BTN,2000,5287.574
BTN,2001,5545.6304
BTN,2002,5991.255
BTN,2003,6323.541
BTN,2004,6517.997
BTN,2005,6850.804
BTN,2006,7140.856
BTN,2007,8195.07
BTN,2008,8470.035
BTN,2009,9019.118
BTN,2010,9985.284
BTN,2011,10714.687
BTN,2012,11143.944
BTN,2013,11212.4795
BTN,2015,12400.298
BTN,2016,13320.976
BTN,2017,13482.343
BTN,2018,13854.8545
BTN,2019,14555.188
BTN,2020,12979.937
BOL,2015,11144.642
BOL,2016,11448.021
BOL,2017,11755.256
BOL,2018,11920.313
BOL,2019,11930.916
BOL,2020,10285.659
BOL,2021,11202.441
BOL,2022,11487.715
BOL,2023,11616.157
BIH,1990,2413.9482
BIH,2000,7830.534
BIH,2001,7982.552
BIH,2002,8366.727
BIH,2004,9344.869
BIH,2007,11178.728
BIH,2008,11983.77
BIH,2009,11826.699
BIH,2010,12142.912
BIH,2011,12487.701
BIH,2012,12626.979
BIH,2013,13135.772
BIH,2014,13458.908
BIH,2015,14220.149
BIH,2016,14873.703
BIH,2017,15554.724
BIH,2018,16349.067
BIH,2019,17029.367
BIH,2020,16747.105
BIH,2021,18286.738
BIH,2022,19298.197
BIH,2023,19805.0
BWA,2001,12949.641
BWA,2002,13479.696
BWA,2003,13857.259
BWA,2004,13984.842
BWA,2005,14361.958
BWA,2006,15275.583
BWA,2007,15850.234
BWA,2008,16040.315
BWA,2009,13489.951
BWA,2010,14545.02
BWA,2020,16289.392
BWA,2021,17960.625
BRA,1990,12633.288
BRA,1991,12546.561
BRA,1992,12271.979
BRA,1993,12669.429
BRA,1994,13202.931
BRA,1995,13550.439
BRA,1996,13641.63
BRA,1997,13896.625
BRA,1998,13737.703
BRA,1999,13602.414
BRA,2000,14005.348
BRA,2001,14016.132
BRA,2002,14265.905
BRA,2003,14259.366
BRA,2004,14911.261
BRA,2005,15221.014
BRA,2006,15657.4795
BRA,2007,16440.584
BRA,2008,17113.367
BRA,2009,16939.441
BRA,2010,18062.158
BRA,2011,18627.81
BRA,2012,18832.219
BRA,2013,19241.506
BRA,2014,19183.172
BRA,2015,18357.068
BRA,2016,17620.928
BRA,2017,17724.48
BRA,2018,17917.75
BRA,2019,18018.621
BRA,2020,17327.516
BRA,2021,18075.705
BRA,2022,18554.047
BRA,2023,19079.812
BRN,1996,102522.125
BRN,1997,106503.42
BRN,1998,97171.64
BRN,1999,99083.32
BRN,2000,100323.44
BRN,2003,103226.914
BRN,2004,101497.76
BRN,2005,99795.69
BRN,2006,102248.51
BRN,2007,96752.62
BRN,2008,91275.5
BRN,2009,87875.83
BRN,2010,88586.516
BRN,2011,90279.664
BRN,2012,89718.46
BRN,2013,86606.65
BGR,1990,14954.961
BGR,1991,13828.244
BGR,1992,12961.038
BGR,1993,12871.45
BGR,1994,13150.034
BGR,1995,13591.41
BGR,1996,14372.831
BGR,1997,12419.431
BGR,1998,12976.321
BGR,1999,11953.647
BGR,2000,12563.888
BGR,2001,13306.56
BGR,2002,14397.061
BGR,2003,15271.547
BGR,2004,16389.027
BGR,2005,17678.107
BGR,2006,19024.623
BGR,2007,20440.338
BGR,2008,21846.045
BGR,2009,21251.305
BGR,2010,21724.377
BGR,2011,22321.125
BGR,2012,22618.904
BGR,2013,22954.492
BGR,2014,23455.58
BGR,2015,24562.75
BGR,2016,25636.852
BGR,2017,26691.87
BGR,2018,27691.01
BGR,2019,29150.043
BGR,2020,28521.324
BGR,2021,30959.111
BGR,2022,32433.793
BGR,2023,33073.816
BDI,2012,1002.27454
BDI,2013,1014.5231
BDI,2014,1022.29156
BDI,2015,995.3191
BDI,2016,1009.636
KHM,1992,2769.4883
KHM,1993,2714.5916
KHM,1994,1650.391
KHM,1995,1672.7393
KHM,1996,1643.0157
KHM,1997,1595.1713
KHM,1998,1602.3837
KHM,1999,1775.4124
KHM,2000,1922.0317
KHM,2001,2032.0809
KHM,2002,2126.3416
KHM,2003,2309.8394
KHM,2004,2491.3093
KHM,2005,2781.8904
KHM,2006,3041.1047
KHM,2007,3308.1575
KHM,2008,3501.9258
KHM,2009,3587.609
KHM,2010,3711.5376
KHM,2011,3921.979
CMR,2000,3822.9443
CMR,2001,3884.873
CMR,2002,3951.4194
CMR,2003,4054.7812
CMR,2008,4300.2666
CMR,2009,4286.577
CMR,2010,4286.583
CMR,2011,4307.852
CMR,2012,4382.1113
CMR,2015,4698.667
CMR,2016,4767.132
CMR,2017,4797.9756
CMR,2020,4763.482
CMR,2022,4843.6504
CAN,1990,40475.113
CAN,1991,39139.312
CAN,1992,39023.184
CAN,1993,39622.48
CAN,1994,40952.137
CAN,1995,41617.723
CAN,1996,41880.55
CAN,1997,43241.242
CAN,1998,44553.28
CAN,1999,46464.547
CAN,2000,48399.305
CAN,2001,48774.168
CAN,2002,49695.008
CAN,2003,50139.785
CAN,2004,51210.68
CAN,2005,52356.56
CAN,2006,53195.78
CAN,2007,53761.863
CAN,2008,53711.68
CAN,2009,51552.42
CAN,2010,52558.44
CAN,2011,53681.13
CAN,2012,54034.805
CAN,2013,54712.18
CAN,2014,55723.484
CAN,2015,55660.867
CAN,2016,55606.156
CAN,2017,56612.33
CAN,2018,57337.492
CAN,2019,57583.848
CAN,2020,54092.88
CAN,2021,56995.117
CAN,2022,58321.062
CAN,2023,57517.44
CPV,2003,4841.2656
CPV,2004,5268.303
CPV,2005,5565.7695
CPV,2006,5941.3823
CPV,2013,7440.6626
CPV,2014,7491.022
CPV,2015,7560.1367
CPV,2016,7881.303
CPV,2017,8234.56
CPV,2018,8531.13
CPV,2019,9111.63
CPV,2020,7207.8687
CYM,2006,92213.08
CYM,2007,92343.73
CYM,2008,89380.15
CYM,2009,80631.84
CYM,2010,76294.766
CYM,2013,72988.7
CYM,2014,73051.81
CYM,2017,74599.68
CYM,2018,76124.55
CYM,2019,77476.84
CYM,2020,72183.13
CHL,2003,18902.871
CHL,2005,20918.527
CHL,2006,21968.537
CHL,2007,22878.883
CHL,2008,23509.781
CHL,2009,23013.582
CHL,2010,24116.77
CHL,2011,25366.27
CHL,2012,26670.498
CHL,2013,27291.357
CHL,2014,27505.049
CHL,2015,27811.375
CHL,2016,27958.729
CHL,2017,27892.994
CHL,2018,28492.662
CHL,2019,28218.535
CHL,2020,26248.562
CHL,2021,29089.85
CHL,2022,29569.479
CHL,2023,29563.678
CHN,1995,2808.034
CHN,1996,3055.9697
CHN,1997,3305.7905
CHN,2002,4744.3984
CHN,2003,5192.006
CHN,2004,5684.169
CHN,2005,6298.323
CHN,2006,7057.1
CHN,2007,8013.716
CHN,2008,8743.745
CHN,2009,9518.433
CHN,2010,10476.3125
CHN,2011,11405.018
CHN,2012,12217.8545
CHN,2013,13080.829
CHN,2014,13968.581
CHN,2015,14856.78
CHN,2016,15772.765
CHN,2017,16757.973
CHN,2018,17806.791
CHN,2019,18820.514
CHN,2020,19215.154
COL,1990,9998.811
COL,1991,9996.098
COL,1992,10196.433
COL,1993,10533.115
COL,1994,10927.938
COL,1995,11279.0
COL,1996,11303.131
COL,1997,11483.505
COL,1998,11343.88
COL,1999,10679.709
COL,2000,10813.494
COL,2001,10823.45
COL,2002,10925.148
COL,2003,11183.291
COL,2004,11607.938
COL,2005,11999.255
COL,2006,12636.625
COL,2007,13318.304
COL,2008,13591.061
COL,2009,13586.752
COL,2010,14037.064
COL,2011,14852.37
COL,2012,15279.479
COL,2013,15912.247
COL,2014,16480.363
COL,2015,16821.38
COL,2016,17003.244
COL,2017,16986.033
COL,2018,17104.13
COL,2019,17336.771
COL,2020,15861.5
COL,2021,17383.09
COL,2022,18458.72
COL,2023,18382.998
CRI,1990,10953.426
CRI,1991,10920.1
CRI,1992,11626.836
CRI,1993,12144.449
CRI,1994,12385.454
CRI,1995,12593.226
CRI,1996,12467.621
CRI,1997,12856.583
CRI,1998,13481.06
CRI,1999,13760.924
CRI,2000,14018.742
CRI,2001,14250.463
CRI,2002,14495.992
CRI,2003,14891.34
CRI,2004,15323.289
CRI,2005,15703.963
CRI,2006,16620.135
CRI,2007,17743.623
CRI,2008,18334.014
CRI,2009,17932.615
CRI,2010,18660.92
CRI,2011,19254.914
CRI,2012,19960.793
CRI,2013,20232.268
CRI,2014,20724.922
CRI,2015,21254.783
CRI,2016,21925.6
CRI,2017,22622.553
CRI,2018,23005.312
CRI,2019,23364.783
CRI,2020,22211.861
CRI,2021,23852.926
CRI,2022,24831.719
CRI,2023,25979.629
HRV,1990,23399.736
HRV,1991,18812.943
HRV,1992,17020.238
HRV,1993,15570.403
HRV,1994,16301.754
HRV,1995,17522.75
HRV,1996,18849.98
HRV,1997,20110.514
HRV,1998,20575.975
HRV,1999,20489.678
HRV,2000,21302.25
HRV,2001,22826.625
HRV,2002,24137.115
HRV,2003,25473.906
HRV,2004,26528.887
HRV,2005,27641.207
HRV,2006,29035.53
HRV,2007,30508.28
HRV,2008,31113.865
HRV,2009,29024.76
HRV,2010,28702.004
HRV,2011,28769.33
HRV,2012,28259.346
HRV,2013,28397.855
HRV,2014,28456.736
HRV,2015,29466.7
HRV,2016,30821.164
HRV,2017,32348.934
HRV,2018,33729.906
HRV,2019,35122.85
HRV,2020,32493.312
HRV,2021,36930.285
HRV,2022,39864.01
HRV,2023,41320.203
CUW,2001,35339.066
CUW,2002,35435.996
CUW,2003,34812.79
CUW,2004,34288.74
CUW,2005,33651.504
CUW,2006,33334.855
CUW,2007,33490.254
CYP,1990,27666.65
CYP,1991,27159.04
CYP,1992,28931.936
CYP,1993,28439.332
CYP,1994,29500.746
CYP,1995,31393.377
CYP,1996,31282.738
CYP,1997,31656.96
CYP,1998,33182.125
CYP,1999,34452.867
CYP,2000,36121.816
CYP,2001,37146.996
CYP,2002,38090.934
CYP,2004,40020.09
CYP,2005,41362.266
CYP,2006,42595.38
CYP,2007,43823.94
CYP,2008,44295.812
CYP,2009,42253.562
CYP,2010,42102.457
CYP,2011,41212.86
CYP,2012,39190.383
CYP,2013,36650.723
CYP,2014,36105.05
CYP,2015,37258.652
CYP,2016,39501.016
CYP,2017,41418.16
CYP,2018,43510.21
CYP,2019,45454.363
CYP,2020,43402.54
CYP,2021,47632.77
CYP,2022,50623.797
CYP,2023,51453.727
CYP,2024,52635.582
CZE,1994,25279.791
CZE,1995,26869.02
CZE,1996,28021.67
CZE,1997,27884.74
CZE,1998,27801.44
CZE,1999,28213.455
CZE,2000,29427.406
CZE,2001,30399.873
CZE,2002,30919.549
CZE,2003,31949.297
CZE,2004,33452.34
CZE,2005,35535.746
CZE,2006,37786.88
CZE,2007,39629.008
CZE,2008,40328.344
CZE,2009,38175.14
CZE,2010,39097.387
CZE,2011,39708.164
CZE,2012,39347.05
CZE,2013,39317.555
CZE,2014,40158.016
CZE,2015,42066.574
CZE,2016,43069.465
CZE,2017,45177.523
CZE,2019,47763.617
CZE,2020,45119.938
CZE,2021,47796.035
CZE,2022,48390.66
CZE,2023,47558.41
DNK,1990,46200.477
DNK,1991,46752.67
DNK,1992,47540.926
DNK,1993,47345.414
DNK,1994,49684.137
DNK,1995,50927.547
DNK,1996,52106.562
DNK,1997,53534.613
DNK,1998,54581.414
DNK,1999,56015.355
DNK,2000,57907.504
DNK,2001,58248.555
DNK,2002,58327.83
DNK,2010,60190.633
DNK,2011,60729.055
DNK,2012,60497.69
DNK,2013,61085.03
DNK,2014,61552.8
DNK,2015,62405.715
DNK,2016,63823.45
DNK,2017,65352.4
DNK,2018,66238.7
DNK,2019,67131.47
DNK,2020,65744.44
DNK,2021,69715.18
DNK,2022,69475.32
DNK,2023,69379.22
DMA,1998,13563.453
DMA,1999,13661.679
DMA,2000,14054.655
DMA,2001,14091.549
DMA,2002,13640.703
DMA,2003,14398.002
DMA,2004,14962.246
DMA,2005,15080.5205
DMA,2006,15727.705
DMA,2007,16560.518
DMA,2008,17738.041
DMA,2009,17534.033
DMA,2010,17516.787
DMA,2011,17475.041
DMA,2014,17520.855
DMA,2015,16920.912
DMA,2016,17364.078
DMA,2017,16314.2295
DMA,2018,16877.125
DMA,2019,17619.434
DMA,2020,14919.531
DMA,2021,15808.975
DMA,2022,17550.8
DOM,1991,7246.2466
DOM,1992,7900.768
DOM,1993,8318.492
DOM,1994,8372.071
DOM,1995,8685.017
DOM,1996,9036.884
DOM,1997,9671.148
DOM,1998,10150.446
DOM,1999,10582.077
DOM,2000,10896.318
DOM,2001,10991.137
DOM,2002,11313.069
DOM,2003,11000.868
DOM,2004,11131.2705
DOM,2005,12022.508
DOM,2006,12961.918
DOM,2007,13754.921
DOM,2008,14030.141
DOM,2009,13992.41
DOM,2010,14975.001
DOM,2011,15258.086
DOM,2012,15487.277
DOM,2013,16054.768
DOM,2014,16993.588
DOM,2016,18968.975
DOM,2017,19501.875
DOM,2018,20662.848
DOM,2019,21451.287
DOM,2020,19545.41
DOM,2021,22053.459
DOM,2022,22986.959
DOM,2023,23282.49
TLS,2004,3234.9758
TLS,2005,3263.9446
TLS,2006,3038.9526
TLS,2007,3256.5698
TLS,2008,3530.8823
TLS,2009,3792.3582
TLS,2010,4047.2495
TLS,2015,4467.8003
ECU,1990,9104.816
ECU,1991,9292.618
ECU,1992,9291.371
ECU,1993,9284.315
ECU,1994,9494.175
ECU,1995,9525.177
ECU,1996,9509.275
ECU,1997,9739.267
ECU,1998,9876.751
ECU,1999,9242.967
ECU,2000,9183.052
ECU,2001,9405.117
ECU,2002,9697.556
ECU,2007,10952.822
ECU,2008,11474.525
ECU,2009,11403.527
ECU,2010,11665.698
ECU,2011,12449.078
ECU,2012,12961.026
ECU,2013,13689.152
ECU,2014,14064.799
ECU,2015,13881.57
ECU,2016,13586.516
ECU,2017,14179.153
ECU,2018,14083.507
ECU,2019,13870.489
ECU,2020,12440.326
ECU,2021,13507.444
ECU,2022,14186.639
ECU,2023,14343.019
EGY,1990,8006.6216
EGY,1991,7876.5527
EGY,1992,8034.5625
EGY,1993,8079.0547
EGY,1994,8221.047
EGY,2003,10250.377
EGY,2004,10451.821
EGY,2005,10700.609
EGY,2006,11211.832
EGY,2007,11782.006
EGY,2008,12391.585
EGY,2009,12728.081
EGY,2010,13128.988
EGY,2011,13082.427
EGY,2012,13076.806
EGY,2014,13136.365
EGY,2015,13425.912
EGY,2016,13727.32
EGY,2017,14018.36
SLV,1994,6795.506
SLV,1995,7057.9204
SLV,1996,7062.3003
SLV,1997,7234.9443
SLV,1998,7381.1147
SLV,1999,7498.4673
SLV,2000,7545.4478
SLV,2001,7580.323
SLV,2002,7675.671
SLV,2003,7780.272
SLV,2004,7841.532
SLV,2005,8050.5347
SLV,2006,8404.247
SLV,2007,8548.835
SLV,2008,8704.806
SLV,2009,8494.498
SLV,2010,8648.93
SLV,2011,8943.062
SLV,2012,9165.42
SLV,2013,9327.564
SLV,2014,9451.744
SLV,2015,9646.154
SLV,2016,9863.761
SLV,2017,10064.794
SLV,2018,10297.203
SLV,2019,10543.938
SLV,2020,9692.449
SLV,2021,10809.714
SLV,2022,11085.618
EST,1990,19163.229
EST,1991,17718.955
EST,1992,14225.231
EST,1993,13758.295
EST,1994,13824.843
EST,1995,14710.969
EST,1996,15667.591
EST,1997,17915.453
EST,1998,18873.375
EST,1999,18737.898
EST,2000,20528.57
EST,2001,21874.695
EST,2002,23539.906
EST,2007,35989.863
EST,2008,34236.95
EST,2009,29284.404
EST,2010,30070.299
EST,2011,32456.121
EST,2012,33768.574
EST,2013,34484.223
EST,2014,35723.625
EST,2015,36356.44
EST,2016,37470.043
EST,2017,39533.465
EST,2018,40853.65
EST,2019,42218.96
EST,2020,40920.527
EST,2021,44251.54
EST,2022,43128.633
EST,2023,41288.617
SWZ,1990,5447.739
SWZ,1991,5325.3525
SWZ,1992,5291.8965
SWZ,1993,5299.532
SWZ,1994,5427.35
SWZ,1998,5952.854
SWZ,1999,6062.348
SWZ,2000,6106.0747
SWZ,2001,6135.453
SWZ,2002,6335.8135
SWZ,2003,6578.302
SWZ,2004,6775.2217
SWZ,2005,7142.1924
SWZ,2006,7584.72
SWZ,2007,7866.731
SWZ,2008,7926.3794
SWZ,2009,7988.5977
SWZ,2010,8245.642
SWZ,2011,8350.892
SWZ,2012,8645.845
SWZ,2013,8951.058
SWZ,2014,9084.494
SWZ,2015,9186.653
SWZ,2016,9402.509
SWZ,2017,9660.552
SWZ,2021,9990.435
ETH,2012,1576.7688
FJI,1990,7820.7173
FJI,1991,7547.678
FJI,1992,7950.0664
FJI,1993,8067.8047
FJI,1994,8432.299
FJI,1995,8600.093
FJI,1996,8956.351
FJI,1997,8669.252
FJI,2003,9361.464
FJI,2004,9766.527
FJI,2005,9745.581
FJI,2006,9837.086
FJI,2007,9672.29
FJI,2008,9711.966
FJI,2009,9536.817
FJI,2010,9784.304
FJI,2011,10020.695
FJI,2012,10140.693
FJI,2013,10604.156
FJI,2014,11183.313
FJI,2020,10812.035
FJI,2021,10322.428
FJI,2022,12118.318
FJI,2023,13194.805
FIN,1990,38807.117
FIN,1991,36326.082
FIN,1992,34926.383
FIN,1993,34486.754
FIN,1994,35699.72
FIN,1995,37069.63
FIN,1996,38301.51
FIN,1997,40630.92
FIN,1998,42733.445
FIN,1999,44505.71
FIN,2000,46968.84
FIN,2001,48099.3
FIN,2002,48792.49
FIN,2003,49655.547
FIN,2004,51494.707
FIN,2005,52744.047
FIN,2006,54653.98
FIN,2007,57313.293
FIN,2008,57494.586
FIN,2009,52599.15
FIN,2010,54017.945
FIN,2011,55053.39
FIN,2012,53957.668
FIN,2013,53183.43
FIN,2014,52710.734
FIN,2015,52782.49
FIN,2016,53984.633
FIN,2017,55637.227
FIN,2018,56226.336
FIN,2019,56922.49
FIN,2020,55424.86
FIN,2021,56790.375
FIN,2022,57068.305
FIN,2023,56250.88
FRA,1990,38655.887
FRA,1991,38937.953
FRA,1992,39331.902
FRA,1993,39020.613
FRA,1994,39801.39
FRA,1995,40570.72
FRA,1996,40990.74
FRA,1997,41876.934
FRA,1998,43162.543
FRA,1999,44400.137
FRA,2000,45922.48
FRA,2001,46454.87
FRA,2002,46610.78
FRA,2003,46730.977
FRA,2004,47720.44
FRA,2005,48257.465
FRA,2006,49223.246
FRA,2007,50157.785
FRA,2008,50068.297
FRA,2009,48404.965
FRA,2010,49130.42
FRA,2011,50085.684
FRA,2012,49935.625
FRA,2013,50066.53
FRA,2014,50326.566
FRA,2015,50682.895
FRA,2016,50984.074
FRA,2017,51895.566
FRA,2018,52560.953
FRA,2019,53448.555
FRA,2020,49311.332
FRA,2021,52517.336
FRA,2022,53673.812
FRA,2023,54296.723
FRA,2024,54799.348
GEO,1990,12917.095
GEO,1991,10120.163
GEO,1992,5533.211
GEO,1993,3882.0203
GEO,1994,3532.32
GEO,1995,3762.8115
GEO,1996,4339.005
GEO,1997,4951.813
GEO,1998,5233.2886
GEO,1999,5495.245
GEO,2000,5706.2725
GEO,2001,6074.0864
GEO,2002,6464.325
GEO,2004,7693.915
GEO,2005,8485.587
GEO,2006,9337.989
GEO,2007,10567.274
GEO,2008,10856.104
GEO,2009,10553.09
GEO,2010,11294.368
GEO,2016,15442.956
GEO,2017,16237.624
GEO,2018,17228.68
GEO,2019,18186.88
DEU,1990,42287.652
DEU,1991,44125.145
DEU,1992,44672.69
DEU,1993,43948.15
DEU,1994,44933.293
DEU,1995,45475.688
DEU,1996,45814.85
DEU,1997,46596.18
DEU,1998,47565.453
DEU,1999,48547.004
DEU,2000,49875.875
DEU,2001,50606.71
DEU,2002,50406.38
DEU,2003,50111.574
DEU,2004,50704.92
DEU,2005,51182.96
DEU,2006,53222.04
DEU,2007,54832.96
DEU,2008,55425.11
DEU,2009,52484.855
DEU,2010,54738.707
DEU,2011,57858.42
DEU,2012,58017.586
DEU,2013,58089.17
DEU,2014,59108.7
DEU,2015,59573.707
DEU,2016,60407.973
DEU,2017,61866.49
DEU,2018,62381.348
DEU,2019,62849.375
DEU,2020,60203.29
DEU,2021,62530.766
DEU,2022,63676.086
DEU,2023,63039.37
GHA,2001,3369.507
GHA,2002,3425.6182
GHA,2003,3507.751
GHA,2004,3607.3652
GHA,2005,3721.3079
GHA,2006,3857.8616
GHA,2007,3923.1257
GHA,2008,4174.7812
GHA,2009,4269.16
GHA,2010,4495.689
GHA,2011,5005.367
GHA,2012,5339.7134
GHA,2013,5593.775
GHA,2014,5619.0723
GHA,2015,5607.366
GHA,2016,5666.078
GHA,2017,5993.631
GHA,2018,6234.512
GHA,2019,6508.2466
GHA,2020,6412.6855
GHA,2021,6607.503
GHA,2022,6728.454
GRC,1990,26916.312
GRC,1991,27419.604
GRC,1992,27401.424
GRC,1993,26804.854
GRC,1994,27204.396
GRC,1995,27646.148
GRC,1996,27905.107
GRC,1997,28768.24
GRC,1998,29592.525
GRC,1999,30263.055
GRC,2001,32675.93
GRC,2002,34081.027
GRC,2004,37811.492
GRC,2005,38146.965
GRC,2006,40483.156
GRC,2007,41796.234
GRC,2008,41709.387
GRC,2009,39886.215
GRC,2010,37566.75
GRC,2011,33906.492
GRC,2012,31250.227
GRC,2013,30762.443
GRC,2014,31213.377
GRC,2015,31347.977
GRC,2016,31468.62
GRC,2017,31995.41
GRC,2018,32722.33
GRC,2019,33502.75
GRC,2020,30487.113
GRC,2021,33531.156
GRC,2022,35831.344
GRC,2023,36700.51
GRL,1992,36343.125
GRL,1993,34578.348
GRL,1994,36428.914
GRL,1995,37584.07
GRL,1996,38090.71
GRL,1997,38581.215
GRL,1998,41500.23
GRL,1999,42072.055
GRL,2000,44991.676
GRL,2001,45405.855
GRL,2002,44793.27
GRL,2003,46649.047
GRL,2004,49742.06
GRL,2005,52189.0
GRL,2006,55243.71
GRL,2007,56763.24
GRL,2008,60506.195
GRL,2009,61035.566
GRL,2010,61863.28
GRL,2011,61170.92
GRL,2012,62111.1
GRL,2013,61659.64
GRL,2014,64799.305
GRL,2015,63364.055
GRL,2016,66245.73
GRD,2000,11625.051
GRD,2001,11333.237
GRD,2002,11677.703
GRD,2003,12726.526
GRD,2004,12593.3545
GRD,2005,14211.843
GRD,2006,13594.355
GRD,2007,14376.282
GRD,2008,14463.56
GRD,2009,13463.58
GRD,2010,13354.908
GRD,2011,13397.85
GRD,2012,13161.3955
GRD,2013,13386.319
GRD,2014,14287.954
GRD,2015,15136.696
GRD,2016,15640.827
GRD,2017,16291.489
GRD,2018,16964.852
GRD,2019,17036.916
GRD,2020,14647.745
GRD,2021,15290.251
GRD,2022,16376.428
GRD,2023,17093.156
GTM,1992,7822.26
GTM,1993,7915.4067
GTM,1994,8018.28
GTM,1995,8195.346
GTM,1996,8222.065
GTM,1997,8364.161
GTM,1998,8559.986
GTM,1999,8668.427
GTM,2000,8770.404
GTM,2001,8771.155
GTM,2002,8901.536
GTM,2003,8926.153
GTM,2004,9003.857
GTM,2005,9099.724
GTM,2006,9386.001
GTM,2007,9772.806
GTM,2008,9889.572
GTM,2009,9740.709
GTM,2010,9825.018
GTM,2011,10032.089
GTM,2012,10126.828
GTM,2013,10297.84
GTM,2014,10553.564
GTM,2017,11005.459
GTM,2018,11192.372
GTM,2019,11466.377
GTM,2020,11097.15
GTM,2021,11825.142
GTM,2022,12147.931
GTM,2023,12384.948
GNB,2016,2293.2358
GNB,2017,2342.4153
GUY,1990,5074.431
GUY,1991,5396.4634
GUY,1992,5799.2183
GUY,1993,6247.866
GUY,1994,6755.3286
GUY,1995,7071.213
GUY,1996,7612.304
GUY,1997,8064.5674
GUY,1998,7915.2295
GUY,1999,8139.97
GUY,2000,8025.2935
GUY,2001,8212.043
GUY,2002,8314.027
GUY,2003,8267.429
GUY,2004,8404.2
GUY,2005,8256.525
GUY,2006,8702.331
GUY,2007,9354.08
GUY,2008,9546.709
GUY,2009,9924.526
GUY,2010,10374.395
GUY,2011,10958.86
GUY,2012,11534.999
GUY,2013,11896.907
GUY,2014,12030.053
GUY,2015,12040.083
GUY,2016,12420.473
GUY,2017,12801.641
GUY,2018,12980.357
GUY,2019,13402.422
GUY,2020,19234.13
GUY,2021,22865.928
GUY,2022,37068.2
GUY,2023,49312.36
HTI,2007,3268.8188
HTI,2008,3300.2585
HTI,2009,3437.3806
HTI,2010,3205.4983
HTI,2011,3330.9983
HTI,2012,3296.2478
HTI,2013,3387.4717
HTI,2014,3434.636
HTI,2015,3433.0752
HTI,2016,3446.7527
HTI,2018,3496.8787
HTI,2020,3239.8354
HTI,2021,3145.0068
HTI,2022,3057.4285
HTI,2023,2965.9463
HND,1990,1172.0798
HND,1991,1436.0507
HND,1992,1521.9473
HND,1993,1681.0824
HND,1994,2108.2742
HND,1995,2555.0261
HND,1999,4293.827
HND,2000,4579.6895
HND,2001,4578.9478
HND,2002,4627.023
HND,2003,4714.867
HND,2004,4885.343
HND,2005,5056.6753
HND,2006,5263.1504
HND,2007,5461.9014
HND,2008,5566.7065
HND,2009,5313.756
HND,2010,5396.0723
HND,2011,5488.4336
HND,2012,5600.608
HND,2013,5644.134
HND,2014,5705.1626
HND,2015,5812.5347
HND,2016,5926.49
HND,2017,6099.6074
HND,2018,6219.28
HND,2019,6264.019
HND,2020,5603.264
HND,2021,6202.981
HND,2022,6352.587
HND,2023,6467.88
HKG,1990,31598.756
HKG,1991,33124.688
HKG,1992,34895.76
HKG,1993,36428.527
HKG,1994,37767.195
HKG,1995,37905.652
HKG,1996,37804.07
HKG,1997,39402.594
HKG,1998,36776.383
HKG,1999,37339.926
HKG,2000,39848.59
HKG,2001,39777.855
HKG,2002,40258.17
HKG,2003,41570.58
HKG,2004,44836.207
HKG,2005,47938.9
HKG,2006,50981.793
HKG,2007,53813.08
HKG,2008,54630.375
HKG,2009,53172.3
HKG,2010,56355.41
HKG,2011,58672.83
HKG,2012,59015.332
HKG,2013,60601.61
HKG,2014,61839.812
HKG,2015,62779.75
HKG,2016,63749.41
HKG,2017,65662.836
HKG,2018,66993.97
HKG,2019,65388.332
HKG,2020,61328.527
HKG,2021,65884.94
HKG,2022,64036.645
HKG,2023,64434.56
HUN,1990,21297.0
HUN,1991,18765.416
HUN,1992,18197.531
HUN,1993,18113.336
HUN,1994,18672.707
HUN,1995,18977.244
HUN,1996,19029.113
HUN,1997,19635.295
HUN,1998,20438.383
HUN,1999,21128.889
HUN,2000,22117.92
HUN,2001,23069.21
HUN,2002,24229.295
HUN,2003,25255.871
HUN,2004,26568.12
HUN,2005,27765.79
HUN,2006,28903.047
HUN,2007,29044.066
HUN,2008,29384.008
HUN,2009,27445.959
HUN,2010,27801.834
HUN,2011,28415.117
HUN,2012,28179.656
HUN,2013,28891.021
HUN,2014,30264.95
HUN,2015,31485.568
HUN,2016,32378.967
HUN,2017,33828.715
HUN,2018,35798.043
HUN,2019,37662.676
HUN,2020,36119.52
HUN,2021,38887.19
HUN,2022,40610.973
HUN,2023,40333.254
ISL,1994,41042.01
ISL,1995,40867.562
ISL,1996,42475.695
ISL,1997,43873.668
ISL,1998,46449.344
ISL,1999,47679.87
ISL,2000,49338.473
ISL,2001,50556.992
ISL,2002,50379.46
ISL,2005,57512.42
ISL,2006,59364.29
ISL,2007,62940.746
ISL,2008,62831.17
ISL,2009,57406.47
ISL,2010,56211.836
ISL,2011,56813.742
ISL,2012,57173.043
ISL,2013,58671.93
ISL,2014,59133.27
ISL,2015,60725.727
ISL,2016,63612.555
ISL,2017,64303.38
ISL,2018,65521.93
ISL,2019,64826.434
ISL,2020,59543.812
ISL,2021,61610.215
ISL,2022,65380.316
ISL,2023,68118.4
IND,1990,2203.147
IND,1991,2178.686
IND,1992,2249.698
IND,1993,2307.6072
IND,1994,2411.4626
IND,1995,2542.422
IND,1996,2680.2788
IND,1997,2734.521
IND,1998,2847.9624
IND,1999,3041.4827
IND,2000,3099.503
IND,2001,3188.8103
IND,2002,3250.6956
IND,2003,3445.926
IND,2004,3656.1262
IND,2005,3881.966
IND,2006,4129.7783
IND,2007,4379.696
IND,2008,4450.39
IND,2009,4731.362
IND,2010,5059.2827
IND,2011,5249.5493
IND,2012,5460.4375
IND,2013,5732.2417
IND,2014,6079.8438
IND,2015,6488.146
IND,2016,6940.626
IND,2017,7326.607
IND,2018,7714.34
IND,2019,7930.0913
IND,2020,7399.531
IND,2021,8050.0186
IND,2022,8594.392
IDN,1998,5897.6855
IDN,1999,5855.658
IDN,2000,6056.382
IDN,2003,6599.092
IDN,2004,6843.5464
IDN,2022,13334.266
IRN,2009,15055.149
IRN,2013,14734.74
IRN,2014,15262.852
IRQ,1990,10735.094
IRQ,1991,3819.1619
IRQ,1992,4916.264
IRQ,1993,6105.0415
IRQ,1994,6044.871
IRQ,2008,11511.938
IRQ,2009,11470.518
IRQ,2010,11816.841
IRQ,2011,12267.585
IRQ,2012,13357.015
IRQ,2013,13712.932
IRL,1990,29555.633
IRL,1991,29953.244
IRL,1992,30744.191
IRL,1993,31414.596
IRL,1994,33092.062
IRL,1995,36094.76
IRL,1996,38452.945
IRL,1997,42265.164
IRL,1998,45493.168
IRL,1999,49719.887
IRL,2000,53675.004
IRL,2001,55630.1
IRL,2002,57927.49
IRL,2003,58709.156
IRL,2004,61558.58
IRL,2005,63689.086
IRL,2006,65087.18
IRL,2007,66590.195
IRL,2008,62320.668
IRL,2009,58547.266
IRL,2010,59209.1
IRL,2011,59899.918
IRL,2012,59405.047
IRL,2013,60388.94
IRL,2014,65575.805
IRL,2015,80954.664
IRL,2016,80899.02
IRL,2017,87882.71
IRL,2018,93276.016
IRL,2019,96371.29
IRL,2020,101968.555
IRL,2021,116903.61
IRL,2022,123219.08
IRL,2023,117862.125
ISR,1990,25335.271
ISR,1991,25698.93
ISR,1992,26752.4
ISR,1993,27123.107
ISR,1994,28393.0
ISR,1995,29470.816
ISR,1996,30386.197
ISR,1997,30707.006
ISR,1998,31246.857
ISR,1999,31465.613
ISR,2000,33275.062
ISR,2001,32590.229
ISR,2002,31897.584
ISR,2003,31780.78
ISR,2004,32675.209
ISR,2005,33512.89
ISR,2006,34770.027
ISR,2007,36317.85
ISR,2008,36827.926
ISR,2009,36403.164
ISR,2010,37722.41
ISR,2011,39075.375
ISR,2012,39299.35
ISR,2013,40148.777
ISR,2014,40872.582
ISR,2015,40967.37
ISR,2016,41963.676
ISR,2017,42947.06
ISR,2018,43814.297
ISR,2019,44580.81
ISR,2020,42915.94
ISR,2021,46162.082
ISR,2022,48098.188
ITA,1990,42656.746
ITA,1991,43283.02
ITA,1992,43614.484
ITA,1993,43216.11
ITA,1994,44136.707
ITA,1995,45410.14
ITA,1996,46008.24
ITA,1997,46869.426
ITA,1998,47701.4
ITA,1999,48493.664
ITA,2000,50353.42
ITA,2001,51332.29
ITA,2002,51369.113
ITA,2005,51585.645
ITA,2006,52304.242
ITA,2007,52747.19
ITA,2008,51806.39
ITA,2009,48774.39
ITA,2010,49301.695
ITA,2011,49473.016
ITA,2012,47795.957
ITA,2013,46833.363
ITA,2014,46825.652
ITA,2015,47311.824
ITA,2016,47987.84
ITA,2017,48849.22
ITA,2018,49133.145
ITA,2019,49690.63
ITA,2020,45505.07
ITA,2021,49825.395
ITA,2022,52333.33
ITA,2023,52870.324
JAM,1990,8879.653
JAM,1991,9227.876
JAM,1992,9315.858
JAM,1993,10088.232
JAM,1994,10123.234
JAM,1995,10257.807
JAM,1996,10147.464
JAM,1997,9939.662
JAM,1998,9624.93
JAM,1999,9650.4375
JAM,2000,9667.925
JAM,2001,9736.0625
JAM,2002,9869.713
JAM,2003,10169.75
JAM,2004,10244.207
JAM,2005,10278.684
JAM,2006,10522.236
JAM,2007,10622.444
JAM,2008,10490.469
JAM,2009,9992.977
JAM,2010,9805.901
JAM,2011,9932.483
JAM,2012,9829.035
JAM,2013,9839.965
JAM,2014,9872.159
JAM,2015,9931.898
JAM,2016,10179.254
JAM,2017,10391.038
JAM,2018,10636.093
JAM,2019,10816.372
JAM,2020,9891.97
JAM,2021,10430.691
JAM,2022,11096.638
JAM,2023,11398.8125
JPN,1990,35272.418
JPN,1991,36372.035
JPN,1992,36563.62
JPN,1993,36277.92
JPN,1994,36568.71
JPN,1995,37442.895
JPN,1996,38528.793
JPN,1997,38814.254
JPN,1998,38217.195
JPN,1999,38020.094
JPN,2000,39005.914
JPN,2001,39062.28
JPN,2002,38987.91
JPN,2003,39501.81
JPN,2004,40351.777
JPN,2005,41075.824
JPN,2006,41613.15
JPN,2007,42182.176
JPN,2008,41645.57
JPN,2009,39279.5
JPN,2010,40881.797
JPN,2011,40967.344
JPN,2012,41596.92
JPN,2013,42492.242
JPN,2014,42674.7
JPN,2015,43386.71
JPN,2016,43736.13
JPN,2017,44505.277
JPN,2018,44848.49
JPN,2019,44730.91
JPN,2020,42992.48
JPN,2021,44355.348
JPN,2022,44972.344
JPN,2023,45858.66
JOR,1990,7589.8203
JOR,1991,7134.29
JOR,1992,7737.969
JOR,1993,7675.4717
JOR,1994,7680.1406
JOR,1995,7829.081
JOR,1996,7731.4785
JOR,1997,7775.5425
JOR,2007,10161.402
JOR,2008,10641.59
JOR,2009,10938.503
JOR,2010,10953.538
JOR,2011,10977.482
JOR,2012,11086.03
JOR,2013,10799.354
JOR,2014,10148.998
JOR,2015,9581.689
JOR,2016,9321.904
JOR,2017,9339.811
JOR,2018,9311.531
JOR,2019,9288.527
JOR,2020,9022.64
JOR,2021,9182.496
JOR,2022,9266.575
JOR,2023,9381.3545
KAZ,1990,16837.691
KAZ,1991,14877.527
KAZ,1992,14045.104
KAZ,1993,12795.875
KAZ,1994,11334.983
KAZ,1995,10600.33
KAZ,1996,10857.436
KAZ,1997,11298.58
KAZ,1998,11364.031
KAZ,1999,11815.773
KAZ,2000,12935.864
KAZ,2001,14612.029
KAZ,2002,15960.874
KAZ,2003,17344.752
KAZ,2004,18886.582
KAZ,2008,24895.664
KAZ,2009,24901.354
KAZ,2010,26374.84
KAZ,2011,27946.16
KAZ,2012,28881.242
KAZ,2013,30177.488
KAZ,2014,30986.438
KAZ,2015,30893.76
KAZ,2017,31524.441
KAZ,2020,32011.549
KAZ,2021,32945.85
KAZ,2022,33506.26
KEN,2004,3743.5679
KEN,2005,3844.7356
KEN,2006,3970.7334
KEN,2007,4116.451
KEN,2008,4002.8835
KEN,2009,4012.1943
KEN,2010,4211.5244
KEN,2011,4307.106
KEN,2012,4387.938
KEN,2014,4558.552
KEN,2015,4679.622
KEN,2016,4770.3105
KEN,2017,4846.8623
KEN,2018,5017.668
KEN,2019,5171.7124
KEN,2020,5057.4014
KEN,2021,5338.8525
KEN,2022,5491.694
KIR,1991,2047.1538
KIR,1992,2495.9963
KIR,1993,2455.45
KIR,1994,2468.7212
KIR,1995,2498.7876
KIR,1996,2455.501
KIR,1997,2439.4102
KIR,1998,2502.862
KIR,1999,2364.3462
KIR,2000,2481.4153
KIR,2001,2357.5818
KIR,2008,2172.3577
KIR,2009,2137.9658
KIR,2010,2119.6401
KIR,2011,2150.383
KIR,2012,2242.0137
OWID_KOS,2008,7098.403
OWID_KOS,2009,7481.459
OWID_KOS,2010,7877.102
OWID_KOS,2011,8359.937
OWID_KOS,2012,8431.662
OWID_KOS,2013,8828.276
OWID_KOS,2014,9150.75
OWID_KOS,2015,9824.991
OWID_KOS,2016,10434.889
OWID_KOS,2017,10856.29
OWID_KOS,2018,11188.225
OWID_KOS,2019,11774.118
OWID_KOS,2020,11137.503
OWID_KOS,2021,12362.421
KWT,1996,62665.223
KWT,2001,59099.664
KWT,2002,59348.617
KWT,2003,67984.31
KWT,2004,73298.06
KWT,2005,78193.9
KWT,2006,79521.35
KWT,2007,79474.76
KWT,2008,77036.51
KWT,2009,67896.266
KWT,2010,62956.215
KWT,2011,64844.5
KWT,2012,64908.26
KWT,2017,52285.586
KWT,2018,51623.81
KWT,2019,51380.645
KWT,2020,49372.82
LVA,1992,10582.207
LVA,1993,10255.142
LVA,1994,10656.608
LVA,1995,10707.515
LVA,1996,11077.862
LVA,1997,12215.016
LVA,1998,13138.401
LVA,1999,13619.099
LVA,2000,14554.213
LVA,2001,15695.906
LVA,2002,17096.559
LVA,2012,27496.545
LVA,2013,28375.184
LVA,2014,29243.742
LVA,2015,30599.613
LVA,2016,31668.516
LVA,2017,33036.39
LVA,2018,34729.707
LVA,2019,35208.195
LVA,2020,34225.9
LVA,2021,36912.01
LVA,2022,37718.71
LVA,2023,37277.723
LBN,2008,14955.142
LBN,2009,16264.351
LBN,2010,17390.758
LBN,2011,17353.195
LBN,2012,17323.3
LBN,2013,16396.496
LBN,2014,15205.873
LBN,2015,14980.0205
LBN,2016,15572.361
LBN,2017,16128.584
LBN,2018,16290.052
LBN,2019,15659.566
LBN,2020,12507.437
LSO,1990,1422.1505
LSO,1991,1494.2404
LSO,1992,1571.827
LSO,1993,1602.5963
LSO,1994,1675.5978
LSO,2007,2470.3147
LSO,2008,2589.1663
LBR,2007,1422.1002
LBR,2008,1463.124
LBR,2009,1492.9982
LBR,2010,1538.8508
LBR,2011,1601.0337
LBR,2012,1668.9729
LTU,1990,20586.229
LTU,1991,19384.818
LTU,1992,15280.389
LTU,1993,12861.695
LTU,1994,11686.438
LTU,1995,12164.204
LTU,1996,12873.201
LTU,1997,14045.005
LTU,1998,15202.912
LTU,1999,15143.193
LTU,2000,15771.427
LTU,2001,16933.023
LTU,2002,18216.545
LTU,2004,21867.287
LTU,2005,23944.701
LTU,2006,26129.34
LTU,2007,29370.773
LTU,2008,30445.781
LTU,2009,26217.545
LTU,2010,26887.492
LTU,2011,29240.748
LTU,2012,30920.33
LTU,2013,32474.64
LTU,2014,33975.086
LTU,2015,35251.297
LTU,2016,36618.15
LTU,2017,38774.49
LTU,2018,41019.79
LTU,2019,43062.324
LTU,2020,43091.797
LTU,2021,45873.527
LTU,2022,46651.215
LTU,2023,46159.707
LUX,1994,92375.36
LUX,1995,92391.34
LUX,1996,92416.516
LUX,1997,96211.734
LUX,1998,101364.67
LUX,1999,108180.41
LUX,2000,114141.586
LUX,2001,116258.43
LUX,2002,118757.53
LUX,2003,120396.26
LUX,2004,123720.26
LUX,2005,124866.86
LUX,2006,130284.97
LUX,2007,138677.97
LUX,2008,135812.22
LUX,2009,129002.24
LUX,2010,131432.06
LUX,2011,129885.37
LUX,2012,128895.41
LUX,2013,129945.45
LUX,2014,130247.664
LUX,2015,130097.26
LUX,2016,133661.66
LUX,2017,132169.83
LUX,2018,131733.89
LUX,2019,132724.75
LUX,2020,129865.63
LUX,2021,136772.44
LUX,2022,132570.83
MAC,1991,54602.055
MAC,1992,58652.79
MAC,1993,59589.977
MAC,1994,60120.66
MAC,1995,60205.707
MAC,1996,59115.234
MAC,1997,58639.523
MAC,1998,55296.5
MAC,1999,53348.01
MAC,2000,55994.76
MAC,2001,57173.86
MAC,2002,61625.957
MAC,2003,67994.78
MAC,2004,84004.45
MAC,2005,87185.52
MAC,2006,93828.32
MAC,2007,102879.64
MAC,2008,102474.67
MAC,2009,104911.14
MAC,2010,130758.28
MAC,2011,155385.33
MAC,2012,164239.27
MAC,2013,174569.52
MAC,2014,162813.44
MAC,2015,123194.07
MAC,2016,120530.055
MAC,2017,133322.62
MAC,2018,139541.16
MAC,2019,133453.89
MAC,2020,59662.484
MAC,2021,73374.445
MAC,2022,59921.44
MAC,2023,104815.2
MWI,2000,1239.3917
MWI,2001,1149.5804
MWI,2002,1140.8428
MWI,2003,1176.1239
MWI,2004,1208.2197
MWI,2005,1214.7427
MWI,2006,1237.2739
MWI,2007,1318.3319
MWI,2008,1378.4288
MWI,2009,1449.7261
MWI,2010,1504.3751
MWI,2011,1533.2289
MWI,2012,1518.1481
MYS,1990,12013.697
MYS,1991,12795.05
MYS,1992,13567.894
MYS,1993,14533.79
MYS,1994,15474.015
MYS,1995,16568.516
MYS,1996,17771.71
MYS,1997,18604.514
MYS,1998,16817.172
MYS,1999,17428.625
MYS,2000,18532.91
MYS,2001,18186.441
MYS,2002,18708.87
MYS,2003,19329.006
MYS,2004,20168.506
MYS,2005,20767.586
MYS,2006,21444.486
MYS,2007,22305.12
MYS,2008,22898.002
MYS,2009,22106.643
MYS,2010,23307.97
MYS,2011,24115.818
MYS,2012,25006.36
MYS,2013,25736.354
MYS,2014,26818.432
MYS,2015,27699.627
MYS,2016,28425.371
MYS,2017,29551.545
MYS,2018,30459.965
MYS,2019,31300.508
MYS,2020,29200.453
MYS,2021,29822.85
MYS,2022,32129.223
MYS,2023,32857.668
MDV,1990,8945.805
MDV,1995,10894.173
MDV,1997,12210.969
MDV,2001,12977.999
MDV,2002,13689.807
MDV,2007,17439.951
MDV,2008,18344.486
MDV,2009,16230.009
MDV,2010,16730.014
MDV,2011,17581.768
MDV,2012,17390.148
MDV,2013,17986.89
MDV,2015,18829.447
MDV,2019,21855.502
MLT,1990,18207.428
MLT,1991,18832.13
MLT,1992,19513.186
MLT,1993,20184.914
MLT,1994,21127.064
MLT,1998,25096.875
MLT,1999,26126.09
MLT,2000,31066.924
MLT,2001,30600.973
MLT,2002,31206.271
MLT,2004,32061.572
MLT,2005,32775.75
MLT,2006,33419.473
MLT,2007,34980.402
MLT,2008,36286.375
MLT,2009,35511.355
MLT,2010,37527.34
MLT,2011,37739.445
MLT,2012,38935.7
MLT,2013,40919.793
MLT,2014,43161.543
MLT,2015,46170.17
MLT,2016,46965.6
MLT,2017,51626.348
MLT,2018,53417.016
MLT,2019,53391.438
MLT,2020,50387.82
MLT,2021,56852.32
MLT,2022,56841.957
MLT,2023,60418.395
MHL,1991,3828.4636
MHL,1992,4029.3413
MHL,1994,4396.9146
MRT,2018,6153.6377
MRT,2019,6162.2104
MRT,2020,5963.2354
MUS,1990,9058.666
MUS,1991,9358.886
MUS,1992,9838.103
MUS,1993,10216.242
MUS,1994,10490.889
MUS,1995,10847.03
MUS,1996,11336.6045
MUS,1997,11832.288
MUS,1998,12419.468
MUS,1999,12582.752
MUS,2000,13481.754
MUS,2009,18290.406
MUS,2010,19045.654
MUS,2011,19790.53
MUS,2012,20425.707
MUS,2013,21061.03
MUS,2014,21827.48
MUS,2015,22603.088
MUS,2016,23460.002
MUS,2017,24361.875
MUS,2018,25324.178
MUS,2019,26047.975
MUS,2020,22258.387
MUS,2021,23010.201
MUS,2022,25085.988
MEX,1990,17169.592
MEX,1991,17511.73
MEX,1992,17796.406
MEX,1993,17970.588
MEX,1994,18422.82
MEX,1995,17028.121
MEX,1996,17775.873
MEX,1997,18737.643
MEX,1998,19573.066
MEX,1999,19793.285
MEX,2000,20470.494
MEX,2001,20078.219
MEX,2002,19744.793
MEX,2003,19701.463
MEX,2004,20127.225
MEX,2005,20277.256
MEX,2006,20965.826
MEX,2007,21102.27
MEX,2008,20992.56
MEX,2009,19385.543
MEX,2010,20058.385
MEX,2011,20457.6
MEX,2012,20898.936
MEX,2013,20805.348
MEX,2014,21069.766
MEX,2015,21408.928
MEX,2016,21578.264
MEX,2017,21777.523
MEX,2018,21997.773
MEX,2019,21704.186
MEX,2020,19728.482
MEX,2021,20782.588
MEX,2022,21391.857
MEX,2023,21917.248
FSM,2019,3940.2644
MDA,1990,15902.895
MDA,1991,13342.06
MDA,1992,9461.428
MDA,1993,9363.593
MDA,1994,6490.353
MDA,1995,6428.84
MDA,1996,6063.1406
MDA,1997,6185.8394
MDA,1998,5783.486
MDA,1999,5597.4653
MDA,2000,5727.079
MDA,2001,6090.0347
MDA,2002,6580.2783
MDA,2003,7034.358
MDA,2004,7573.6177
MDA,2005,8161.4736
MDA,2006,8577.028
MDA,2007,8854.834
MDA,2008,9563.698
MDA,2009,9001.234
MDA,2010,9649.951
MDA,2011,10217.309
MDA,2012,10158.386
MDA,2013,11080.063
MDA,2014,11641.121
MDA,2015,11691.08
MDA,2016,12377.366
MDA,2017,13118.822
MDA,2018,13895.504
MDA,2019,14621.24
MDA,2020,13559.26
MDA,2021,15682.07
MDA,2022,15358.016
MDA,2023,15990.4795
MNG,2003,6463.7896
MNG,2004,7070.667
MNG,2005,7499.848
MNG,2006,8043.9966
MNG,2007,8750.134
MNG,2008,9379.8545
MNG,2009,9095.977
MNG,2010,9507.119
MNG,2011,10960.096
MNG,2012,12078.919
MNG,2013,13210.095
MNG,2014,13943.428
MNG,2015,13974.597
MNG,2016,13898.1455
MNG,2017,14401.537
MNG,2018,15230.241
MNG,2019,15790.696
MNG,2020,14801.342
MNG,2021,14792.251
MNG,2022,15310.435
MNG,2023,16222.864
MNG,2024,16842.65
MNE,2002,14770.316
MNE,2007,18966.531
MNE,2008,20239.006
MNE,2009,18985.018
MNE,2010,19476.244
MNE,2011,20110.57
MNE,2012,19576.494
MNE,2013,20201.375
MNE,2014,20641.85
MNE,2015,21131.928
MNE,2016,21834.182
MNE,2017,22513.875
MNE,2018,23562.273
MNE,2019,24585.219
MNE,2020,20904.688
MNE,2021,23690.078
MNE,2022,25583.422
MNE,2023,27243.518
MAR,1990,4418.66
MAR,1991,4656.126
MAR,1992,4483.2495
MAR,1993,4379.764
MAR,1994,4771.093
MAR,1997,4766.1104
MAR,1998,5033.9233
MAR,1999,5043.665
MAR,2000,5100.1157
MAR,2001,5417.5786
MAR,2002,5544.072
MAR,2003,5810.053
MAR,2004,5996.39
MAR,2005,6103.4224
MAR,2006,6488.674
MAR,2007,6620.5903
MAR,2008,6901.9507
MAR,2009,7063.727
MAR,2010,7210.6367
MAR,2011,7503.793
MAR,2012,7628.644
MAR,2013,7839.032
MAR,2014,7951.7983
MAR,2015,8198.809
MAR,2016,8141.9404
MAR,2017,8450.009
MAR,2018,8611.75
MAR,2019,8768.176
MAR,2020,8054.563
MAR,2021,8623.266
MAR,2022,8690.448
MAR,2023,8915.352
MAR,2024,9162.747
MOZ,2001,785.79016
MOZ,2002,842.64526
MOZ,2003,883.23914
MOZ,2004,934.134
MOZ,2005,970.38995
MOZ,2006,1041.8047
MOZ,2007,1095.1257
MOZ,2008,1141.9425
MOZ,2009,1178.7091
MOZ,2010,1224.2302
MOZ,2011,1275.5295
MMR,1990,775.32825
MMR,1995,962.2094
MMR,2000,1359.9304
MMR,2001,1498.3116
MMR,2002,1661.7358
MMR,2003,1874.1713
MMR,2004,2110.2373
MMR,2005,2377.9026
MMR,2006,2669.327
MMR,2007,2968.3032
MMR,2008,3254.739
MMR,2009,3578.1743
MMR,2010,3893.7903
MMR,2011,4078.6123
MMR,2012,4340.9995
MMR,2013,4666.9536
MMR,2014,5006.507
MMR,2015,5313.886
MMR,2016,5580.9897
MMR,2017,5877.8745
MMR,2018,6201.263
MMR,2019,6562.989
MMR,2020,5926.8345
MMR,2021,5178.4473
MMR,2022,5350.4766
MMR,2023,5364.138
NAM,1995,7506.105
NAM,1996,7538.925
NAM,1997,7656.325
NAM,1998,7709.89
NAM,1999,7773.9434
NAM,2000,7858.3877
NAM,2001,7786.5415
NAM,2002,8017.2812
NAM,2004,9130.824
NAM,2008,10286.513
NAM,2009,10166.29
NAM,2010,10614.62
NAM,2011,10965.273
NAM,2012,11266.609
NAM,2018,11214.386
NAM,2019,10813.305
NAM,2020,9652.248
NAM,2021,9709.1
NPL,1990,1808.2649
NPL,1997,2166.3127
NPL,1998,2188.222
NPL,1999,2242.6501
NPL,2000,2340.8157
NPL,2001,2413.8142
NPL,2002,2380.2441
NPL,2003,2439.4949
NPL,2004,2521.541
NPL,2005,2580.231
NPL,2006,2641.348
NPL,2007,2708.7144
NPL,2008,2852.6099
NPL,2009,2961.839
NPL,2010,3085.314
NPL,2011,3176.6504
NPL,2012,3316.5007
NPL,2013,3426.5579
NPL,2014,3621.7317
NPL,2015,3745.2617
NPL,2016,3743.7446
NPL,2017,4071.7043
NPL,2018,4371.3857
NPL,2019,4607.5244
NPL,2020,4412.542
NLD,1990,43128.312
NLD,1991,43833.484
NLD,1992,44245.527
NLD,1993,44490.758
NLD,1994,45532.805
NLD,1995,46720.29
NLD,1996,48095.965
NLD,1997,49881.875
NLD,1998,51879.38
NLD,1999,54134.363
NLD,2000,56016.87
NLD,2001,56887.434
NLD,2002,56664.414
NLD,2003,56452.867
NLD,2004,57391.363
NLD,2005,58422.01
NLD,2006,60391.543
NLD,2007,62601.62
NLD,2008,63678.402
NLD,2009,61029.73
NLD,2010,61518.555
NLD,2011,62318.14
NLD,2012,61480.812
NLD,2013,61281.29
NLD,2014,62045.855
NLD,2015,63081.395
NLD,2016,64267.74
NLD,2017,65666.0
NLD,2018,66758.266
NLD,2019,67847.85
NLD,2020,64862.19
NLD,2021,68573.56
NLD,2022,71324.04
NLD,2023,70198.93
NZL,1990,30695.467
NZL,1991,28924.744
NZL,1992,28938.098
NZL,1993,30438.627
NZL,1994,31574.357
NZL,1995,32584.654
NZL,1996,33231.45
NZL,1997,33480.145
NZL,1998,33469.254
NZL,1999,35084.293
NZL,2000,35879.793
NZL,2001,36885.645
NZL,2002,37959.066
NZL,2003,38976.914
NZL,2004,39971.77
NZL,2005,40848.297
NZL,2006,41475.12
NZL,2007,42346.09
NZL,2008,41561.184
NZL,2009,41132.336
NZL,2010,41270.93
NZL,2011,41814.887
NZL,2012,42570.332
NZL,2013,43338.438
NZL,2014,44255.504
NZL,2015,44963.832
NZL,2016,45626.684
NZL,2017,46193.29
NZL,2018,46947.938
NZL,2019,47362.32
NZL,2020,46266.395
NZL,2021,48248.72
NZL,2022,49964.176
NIC,1990,4217.609
NIC,1991,4113.6875
NIC,1992,4037.2754
NIC,1993,3934.0928
NIC,1994,3979.9854
NIC,1995,4130.286
NIC,1996,4311.493
NIC,1997,4408.329
NIC,1998,4502.598
NIC,1999,4750.9487
NIC,2000,4878.2476
NIC,2001,4958.3276
NIC,2002,4935.4854
NIC,2003,5000.612
NIC,2004,5204.382
NIC,2005,5356.9585
NIC,2006,5500.406
NIC,2007,5697.211
NIC,2008,5809.0996
NIC,2009,5538.3657
NIC,2010,5701.128
NIC,2011,5976.253
NIC,2012,6275.7876
NIC,2013,6494.1494
NIC,2014,6712.2173
NIC,2015,6939.0327
NIC,2016,7158.758
NIC,2017,7391.197
NIC,2018,7049.0273
NIC,2019,6756.5938
NIC,2021,7119.1694
NER,2011,1318.1013
NER,2012,1403.1897
NGA,2016,8534.692
NGA,2019,8361.787
NGA,2023,7843.8345
MKD,1998,11092.875
MKD,1999,11519.005
MKD,2000,11988.295
MKD,2001,11571.859
MKD,2002,11830.312
MKD,2003,12077.899
MKD,2004,12683.434
MKD,2006,14118.288
MKD,2007,15118.307
MKD,2008,16038.107
MKD,2009,16084.295
MKD,2010,16731.16
MKD,2011,17201.307
MKD,2012,17190.066
MKD,2013,17758.3
MKD,2014,18452.283
MKD,2015,19215.154
MKD,2016,19825.855
MKD,2017,20121.135
MKD,2018,20806.008
MKD,2019,21766.975
MKD,2020,20971.53
MKD,2021,22144.285
MKD,2022,22822.328
MKD,2023,23455.32
NOR,1990,57106.883
NOR,1991,58588.47
NOR,1992,60333.45
NOR,1993,61681.805
NOR,1994,64432.074
NOR,1995,66762.16
NOR,1996,69764.38
NOR,1997,73053.97
NOR,1998,74558.3
NOR,1999,75583.836
NOR,2000,77587.21
NOR,2001,78791.305
NOR,2002,79447.09
NOR,2004,82440.95
NOR,2005,84080.0
NOR,2006,85458.55
NOR,2007,87043.5
NOR,2008,86379.664
NOR,2009,83642.07
NOR,2010,83256.79
NOR,2011,83092.44
NOR,2012,84237.15
NOR,2013,84070.46
NOR,2014,84830.26
NOR,2015,85550.3
NOR,2016,85787.62
NOR,2017,87194.11
NOR,2018,87338.47
NOR,2019,87725.73
NOR,2020,86096.055
NOR,2021,88984.14
NOR,2022,91051.086
NOR,2023,90085.44
OMN,2002,42654.15
OMN,2003,41247.586
OMN,2004,41351.77
OMN,2005,41551.14
OMN,2006,42540.44
OMN,2007,43696.97
OMN,2008,46586.395
OMN,2009,48304.117
OMN,2010,48191.613
OMN,2011,44440.31
OMN,2012,41964.082
OMN,2013,40854.484
OMN,2014,39639.99
OMN,2015,39813.79
OMN,2016,39860.99
OMN,2017,38691.11
OMN,2018,38673.605
OMN,2019,38292.387
OMN,2020,37560.6
OMN,2021,38719.457
OMN,2022,39780.21
OMN,2023,37793.617
PAK,1990,3199.7297
PAK,1996,3526.1416
PAK,1997,3462.5815
PAK,1998,3454.1768
PAK,1999,3484.4568
PAK,2000,3531.713
PAK,2001,3559.7278
PAK,2002,3563.6785
PAK,2003,3668.7793
PAK,2004,3859.646
PAK,2005,4042.1545
PAK,2006,4185.8667
PAK,2007,4257.926
PAK,2008,4233.348
PAK,2009,4270.439
PAK,2010,4228.7817
PAK,2011,4246.067
PAK,2012,4292.021
PAK,2013,4407.147
PAK,2014,4520.235
PAK,2015,4645.286
PAK,2016,4886.6123
PAK,2017,5031.5605
PAK,2018,5255.0635
PAK,2019,5295.953
PAK,2020,5135.0146
PAK,2021,5367.2734
PAK,2022,5526.2793
PAK,2023,5418.7695
PLW,2015,20212.018
PLW,2016,20449.13
PLW,2017,19821.098
PLW,2018,19572.344
PSE,1995,4062.963
PSE,1996,3932.227
PSE,1997,4311.5386
PSE,1998,4805.1914
PSE,1999,5071.8213
PSE,2000,4520.89
PSE,2001,3996.5088
PSE,2002,3409.1729
PSE,2004,4503.0806
PSE,2005,4885.0728
PSE,2008,4984.8057
PSE,2009,5270.663
PSE,2010,5432.2437
PSE,2011,5805.3213
PSE,2012,6009.1094
PSE,2013,6142.202
PSE,2014,5990.427
PSE,2015,6072.6504
PSE,2016,6464.1333
PSE,2017,6426.7954
PSE,2018,6342.9375
PSE,2019,6269.891
PSE,2020,5423.6826
PSE,2021,5663.1216
PSE,2022,5753.084
PAN,1990,10263.688
PAN,1991,10994.55
PAN,1992,11649.796
PAN,1993,12032.808
PAN,1994,12123.35
PAN,1995,12086.644
PAN,1996,12327.852
PAN,1997,13013.891
PAN,1998,13826.532
PAN,1999,14261.741
PAN,2000,14572.976
PAN,2001,14427.83
PAN,2002,14507.144
PAN,2003,14957.554
PAN,2004,15875.112
PAN,2005,16867.96
PAN,2006,18190.273
PAN,2007,20208.822
PAN,2008,21867.818
PAN,2009,21822.988
PAN,2010,22739.111
PAN,2011,24999.46
PAN,2012,26926.885
PAN,2013,28135.328
PAN,2014,28931.805
PAN,2015,29933.156
PAN,2016,30765.236
PAN,2017,31979.812
PAN,2018,32681.447
PAN,2019,33163.727
PAN,2020,26881.799
PAN,2021,30932.764
PAN,2022,33915.152
PAN,2023,35872.95
PNG,1998,3590.1
PNG,1999,3531.6594
PNG,2000,3326.7986
PNG,2001,3211.7593
PNG,2002,3100.7952
PNG,2003,3064.444
PNG,2005,3136.5857
PNG,2006,3202.4873
PNG,2007,3345.8503
PNG,2008,3233.9182
PNG,2009,3349.6436
PNG,2010,3579.1714
PRY,2000,9998.593
PRY,2001,9749.259
PRY,2002,9610.748
PRY,2003,9903.45
PRY,2004,10187.194
PRY,2005,10290.101
PRY,2006,10672.993
PRY,2007,11141.87
PRY,2008,11751.14
PRY,2009,11601.285
PRY,2010,12738.576
PRY,2011,13109.467
PRY,2012,12834.802
PRY,2013,13700.703
PRY,2014,14219.3545
PRY,2015,14427.601
PRY,2016,14826.664
PRY,2017,15320.337
PRY,2018,15592.984
PRY,2019,15321.324
PRY,2020,14991.66
PRY,2021,15406.167
PRY,2022,15259.1455
PRY,2023,15826.088
PER,2011,12726.6
PER,2012,13395.399
PER,2013,14052.138
PER,2014,14244.566
PER,2015,14542.793
PER,2016,14917.449
PER,2017,15069.522
PER,2018,15386.26
PER,2019,15463.543
PER,2020,13609.6
PER,2021,15280.551
PHL,1990,4504.4624
PHL,1991,4378.3955
PHL,1992,4293.7183
PHL,1993,4283.1597
PHL,1994,4374.0674
PHL,1998,4616.673
PHL,1999,4650.7593
PHL,2000,4740.439
PHL,2001,4778.401
PHL,2002,4856.4995
PHL,2007,5840.068
PHL,2008,5987.0376
PHL,2009,5965.307
PHL,2010,6273.039
PHL,2011,6388.313
PHL,2012,6697.556
PHL,2016,8131.825
PHL,2017,8584.136
PHL,2018,9016.286
PHL,2019,9452.294
PHL,2023,9898.533
POL,1990,12821.464
POL,1991,11879.754
POL,1992,12141.235
POL,1993,12563.1045
POL,1994,13200.161
POL,1995,14227.566
POL,1996,15083.098
POL,1997,16031.721
POL,1998,16766.648
POL,1999,17556.002
POL,2000,18566.355
POL,2001,18800.602
POL,2002,19166.914
POL,2008,25553.906
POL,2009,26204.41
POL,2010,27112.133
POL,2011,28521.662
POL,2012,28952.916
POL,2013,29168.625
POL,2014,30334.879
POL,2015,31700.37
POL,2016,32675.305
POL,2017,34354.598
POL,2018,36500.41
POL,2019,38181.62
POL,2020,37852.8
POL,2021,41059.586
POL,2022,43405.023
POL,2023,43672.766
PRT,1990,27190.572
PRT,1991,28443.795
PRT,1992,28776.047
PRT,1993,28153.615
PRT,1994,28348.865
PRT,1995,29460.814
PRT,1996,30378.756
PRT,1997,31574.402
PRT,1998,32925.664
PRT,1999,34018.965
PRT,2000,35069.83
PRT,2001,35500.227
PRT,2002,35578.52
PRT,2005,35870.31
PRT,2010,36703.113
PRT,2011,36127.297
PRT,2012,34804.633
PRT,2013,34651.773
PRT,2014,35097.41
PRT,2015,35803.36
PRT,2016,36636.297
PRT,2017,37943.113
PRT,2018,39123.613
PRT,2019,40188.285
PRT,2020,36852.23
PRT,2021,38657.668
PRT,2022,41070.86
PRI,1990,26738.814
PRI,1991,27162.15
PRI,1992,28219.115
PRI,1993,29282.111
PRI,1994,30225.781
PRI,1995,31310.18
PRI,1996,31677.23
PRI,1997,32915.79
PRI,1998,34537.184
PRI,1999,36216.84
PRI,2000,37298.547
PRI,2001,39568.555
PRI,2002,39879.73
PRI,2003,39876.066
PRI,2004,43355.824
PRI,2005,42555.707
PRI,2006,42133.97
PRI,2007,41888.625
PRI,2008,41358.07
PRI,2009,40772.35
PRI,2010,40777.688
PRI,2011,40972.535
PRI,2012,41347.453
PRI,2013,41556.785
PRI,2014,41593.68
PRI,2015,41737.605
PRI,2016,41858.26
PRI,2017,41479.996
PRI,2018,41119.31
PRI,2019,41656.33
PRI,2020,40171.387
PRI,2021,40559.477
PRI,2022,42310.957
PRI,2023,42837.9
PRI,2024,44205.75
QAT,1990,71584.375
QAT,1991,68122.87
QAT,1992,73450.95
QAT,1993,70250.695
QAT,1994,69119.88
QAT,1998,91901.07
QAT,1999,90837.375
QAT,2000,93186.97
QAT,2001,92115.734
QAT,2004,107023.58
QAT,2005,107784.414
QAT,2006,115383.63
QAT,2007,109579.68
QAT,2008,109206.3
QAT,2009,108435.75
QAT,2010,129044.71
QAT,2011,145590.77
QAT,2012,143830.56
QAT,2013,136453.94
QAT,2014,128013.945
QAT,2015,123070.82
QAT,2016,120054.24
QAT,2017,115064.836
QAT,2018,114909.79
QAT,2019,113160.836
QAT,2020,103061.9
QAT,2021,116832.66
QAT,2022,114740.164
ROU,1990,16316.912
ROU,1991,14333.03
ROU,1992,13195.097
ROU,1993,13415.074
ROU,1994,13962.832
ROU,1995,14863.247
ROU,1996,15488.622
ROU,1997,14780.059
ROU,1998,14510.054
ROU,1999,14478.109
ROU,2000,14853.668
ROU,2001,15848.37
ROU,2002,17061.7
ROU,2003,17587.535
ROU,2004,19532.56
ROU,2005,20571.012
ROU,2006,22354.656
ROU,2007,24328.494
ROU,2008,27039.713
ROU,2009,25761.738
ROU,2010,24903.008
ROU,2011,26150.855
ROU,2012,26767.566
ROU,2013,26942.043
ROU,2014,28156.248
ROU,2015,29182.0
ROU,2016,30189.273
ROU,2017,32852.773
ROU,2018,34829.04
ROU,2019,36399.625
ROU,2020,35283.754
ROU,2021,37534.156
ROU,2022,39256.99
ROU,2023,40116.855
ROU,2024,40504.0
RUS,1990,29643.596
RUS,1991,28066.922
RUS,1992,23965.244
RUS,1993,21899.518
RUS,1994,19153.363
RUS,1995,18363.713
RUS,1996,17699.87
RUS,1997,17977.352
RUS,1998,17052.756
RUS,1999,18200.32
RUS,2000,20104.75
RUS,2001,21219.904
RUS,2002,22319.678
RUS,2003,24057.928
RUS,2004,25894.146
RUS,2005,27656.658
RUS,2006,30022.672
RUS,2007,32630.37
RUS,2008,34342.227
RUS,2009,31654.004
RUS,2010,33063.586
RUS,2011,34444.645
RUS,2012,35740.7
RUS,2013,36260.066
RUS,2014,35853.246
RUS,2015,35037.152
RUS,2016,35005.45
RUS,2017,35570.39
RUS,2018,36536.695
RUS,2019,37319.32
RUS,2020,36376.336
RUS,2021,38638.43
RUS,2024,41704.71
RWA,2006,1446.7109
RWA,2007,1516.2675
RWA,2008,1641.7777
RWA,2010,1779.1586
RWA,2012,1988.0122
RWA,2013,2032.4048
RWA,2014,2106.2146
RWA,2015,2238.5393
RWA,2016,2316.6372
RWA,2017,2351.597
RWA,2018,2493.44
RWA,2019,2667.4646
RWA,2020,2520.3174
KNA,1995,16596.266
KNA,1996,17340.223
KNA,1997,18288.494
KNA,1998,17963.7
KNA,1999,18291.424
KNA,2000,19840.58
KNA,2001,20648.79
KNA,2002,20813.404
KNA,2003,19927.182
KNA,2004,20661.346
KNA,2005,22612.713
KNA,2006,23258.984
KNA,2007,23330.045
KNA,2008,25898.783
KNA,2009,24973.805
KNA,2010,24997.566
KNA,2011,25380.008
KNA,2012,25114.057
KNA,2016,29867.027
KNA,2017,29948.92
KNA,2018,30576.248
KNA,2019,31512.193
KNA,2020,26736.928
KNA,2021,26896.617
KNA,2022,29749.87
LCA,1990,17222.148
LCA,1991,17080.799
LCA,1992,18166.207
LCA,1993,18004.031
LCA,1994,18020.514
LCA,1995,18048.781
LCA,1996,18301.152
LCA,1997,17920.033
LCA,1998,18786.998
LCA,1999,19039.463
LCA,2000,18818.885
LCA,2001,17993.637
LCA,2002,17911.629
LCA,2003,18522.514
LCA,2004,19715.83
LCA,2005,19491.219
LCA,2006,20551.06
LCA,2007,20759.305
LCA,2008,21651.234
LCA,2009,20907.334
LCA,2010,20849.055
LCA,2011,21637.87
LCA,2012,21515.9
LCA,2013,21029.29
LCA,2014,21214.477
LCA,2015,21142.973
LCA,2016,21775.475
LCA,2017,22422.598
LCA,2018,22981.918
LCA,2019,22738.248
LCA,2020,17142.045
LCA,2021,19101.166
LCA,2022,22962.281
LCA,2023,23403.744
VCT,1990,7467.379
VCT,1991,7524.585
VCT,1992,7984.0796
VCT,1993,8306.775
VCT,1994,8189.8438
VCT,1995,8815.849
VCT,1996,8923.705
VCT,1997,9234.699
VCT,1998,9609.104
VCT,1999,9853.348
VCT,2000,9999.059
VCT,2001,10177.81
VCT,2002,10736.088
VCT,2003,11475.331
VCT,2004,11979.907
VCT,2005,12320.071
VCT,2006,13233.407
VCT,2007,13732.362
VCT,2008,13850.394
VCT,2009,13723.784
VCT,2010,13175.723
VCT,2016,15197.748
VCT,2017,15533.222
VCT,2018,16139.066
VCT,2019,16365.325
VCT,2020,15763.705
VCT,2021,16200.899
VCT,2022,16835.023
WSM,2009,6104.1274
WSM,2010,6427.3115
WSM,2013,6262.3237
WSM,2017,6919.0156
WSM,2018,6805.0454
SMR,1997,66923.03
SMR,1998,71024.56
SMR,1999,76474.13
SMR,2000,77149.414
SMR,2001,80420.77
SMR,2002,79649.53
SMR,2003,81688.375
SMR,2004,80724.81
SMR,2005,81632.17
SMR,2006,83781.55
SMR,2007,86785.016
SMR,2008,85120.29
SMR,2009,73093.83
SMR,2010,68669.25
SMR,2011,64214.117
STP,1990,3883.2043
STP,1991,3844.8965
STP,1992,3798.8835
STP,1993,3771.2861
STP,1994,3788.4836
STP,2006,4644.1807
STP,2007,4698.084
STP,2008,4873.181
STP,2009,4919.1953
STP,2010,4882.048
STP,2011,4876.473
SAU,1999,55878.17
SAU,2000,55962.266
SAU,2001,53309.113
SAU,2002,50371.977
SAU,2003,52234.65
SAU,2004,54196.55
SAU,2005,54931.793
SAU,2006,54373.74
SAU,2007,53318.418
SAU,2018,61359.465
SAU,2019,62647.73
SRB,2000,11105.995
SRB,2001,11879.226
SRB,2002,12661.992
SRB,2003,13273.745
SRB,2004,14194.424
SRB,2005,15077.621
SRB,2006,15727.469
SRB,2007,17028.158
SRB,2008,17983.355
SRB,2009,17488.195
SRB,2010,17841.506
SRB,2011,17986.658
SRB,2012,17993.889
SRB,2013,18163.28
SRB,2014,17922.51
SRB,2015,18247.885
SRB,2016,18889.46
SRB,2017,19439.072
SRB,2018,20454.31
SRB,2019,21541.215
SRB,2020,21479.168
SRB,2021,23406.404
SRB,2022,24651.95
SRB,2023,25735.24
SYC,2004,18356.47
SYC,2006,21341.86
SYC,2007,23117.855
SYC,2008,21990.37
SYC,2009,21361.13
SYC,2010,21708.756
SYC,2011,24406.412
SYC,2012,24919.955
SYC,2013,24770.652
SYC,2014,25379.418
SYC,2015,27032.209
SYC,2016,29905.135
SYC,2017,31595.668
SYC,2018,32841.426
SYC,2019,34346.07
SYC,2020,30056.2
SYC,2021,29979.828
SYC,2022,27978.178
SLE,2004,2260.8381
SLE,2005,2296.6577
SLE,2006,2342.7546
SLE,2007,2377.8054
SLE,2008,2404.652
SLE,2009,2376.5825
SLE,2010,2459.768
SLE,2011,2590.5283
SLE,2012,2792.9263
SLE,2015,2628.1707
SLE,2020,2752.6262
SGP,1990,45567.79
SGP,1991,47251.695
SGP,1992,48897.81
SGP,1993,53139.844
SGP,1994,57213.098
SGP,1995,59483.637
SGP,1996,61381.754
SGP,1997,64291.203
SGP,1998,60782.195
SGP,1999,63746.48
SGP,2000,68314.55
SGP,2001,65784.4
SGP,2002,67744.27
SGP,2003,71877.53
SGP,2004,78039.02
SGP,2006,86463.83
SGP,2007,90417.805
SGP,2008,87329.59
SGP,2009,84843.516
SGP,2010,95456.19
SGP,2011,99296.76
SGP,2012,101187.83
SGP,2013,104359.03
SGP,2014,107066.86
SGP,2015,108953.73
SGP,2016,111579.74
SGP,2017,116471.82
SGP,2018,119927.766
SGP,2019,120114.13
SGP,2020,115893.04
SGP,2021,132617.36
SGP,2022,133571.97
SGP,2023,129555.24
SVK,1990,17528.242
SVK,1991,14962.115
SVK,1993,14163.014
SVK,1994,14982.747
SVK,1995,15811.925
SVK,1996,16744.068
SVK,1997,17630.04
SVK,1998,18280.05
SVK,1999,18174.98
SVK,2000,18343.236
SVK,2001,18914.39
SVK,2002,19757.068
SVK,2003,20730.25
SVK,2004,21851.955
SVK,2005,23266.758
SVK,2006,25342.31
SVK,2007,28075.807
SVK,2008,29556.262
SVK,2009,27891.896
SVK,2010,29758.174
SVK,2011,30481.377
SVK,2012,30907.04
SVK,2013,31090.988
SVK,2014,31901.943
SVK,2015,33521.594
SVK,2016,34130.504
SVK,2017,35057.223
SVK,2018,36430.793
SVK,2019,37209.535
SVK,2020,36216.4
SVK,2021,38346.094
SVK,2022,38664.906
SVK,2023,39518.223
SVN,1990,25345.049
SVN,1991,23074.668
SVN,1992,21845.963
SVN,1993,22520.738
SVN,1994,23747.986
SVN,1995,24718.023
SVN,1996,25454.125
SVN,1997,26806.463
SVN,1998,27688.094
SVN,1999,29125.89
SVN,2000,30055.572
SVN,2001,30857.111
SVN,2002,31830.555
SVN,2003,32827.75
SVN,2004,34298.13
SVN,2005,35558.38
SVN,2006,37539.46
SVN,2007,39995.207
SVN,2008,41278.61
SVN,2009,37802.09
SVN,2010,38056.18
SVN,2011,38226.125
SVN,2012,37033.766
SVN,2013,36678.875
SVN,2014,37655.2
SVN,2015,38527.42
SVN,2016,39667.457
SVN,2017,41692.836
SVN,2018,43361.094
SVN,2019,44569.586
SVN,2020,42463.562
SVN,2021,45914.06
SVN,2022,47050.066
SVN,2023,47977.426
SLB,2004,2168.5059
SLB,2005,2287.2737
SLB,2006,2340.6516
SLB,2007,2384.3179
SLB,2008,2489.783
ZAF,1994,10130.806
ZAF,1995,10318.839
ZAF,1996,10623.86
ZAF,1997,10770.278
ZAF,1998,10693.688
ZAF,1999,10831.659
ZAF,2000,11183.825
ZAF,2001,11387.492
ZAF,2002,11697.565
ZAF,2003,11923.121
ZAF,2004,12341.21
ZAF,2005,12861.563
ZAF,2006,13444.233
ZAF,2007,14016.244
ZAF,2008,14297.688
ZAF,2009,13910.702
ZAF,2010,14164.996
ZAF,2011,14434.261
ZAF,2012,14563.763
ZAF,2013,14681.097
ZAF,2014,14643.339
ZAF,2015,14541.675
ZAF,2016,14501.281
ZAF,2017,14573.598
ZAF,2018,14553.562
ZAF,2019,14352.67
ZAF,2020,13250.566
ZAF,2021,13681.955
ZAF,2022,13767.497
KOR,1990,14377.884
KOR,1991,15784.467
KOR,1992,16613.49
KOR,1993,17595.904
KOR,1994,19052.299
KOR,1995,20697.896
KOR,1996,22139.797
KOR,1997,23311.043
KOR,1998,22000.338
KOR,1999,24382.25
KOR,2000,26404.158
KOR,2001,27440.656
KOR,2002,29395.277
KOR,2003,30142.46
KOR,2004,31579.527
KOR,2005,32886.047
KOR,2006,34429.62
KOR,2007,36257.34
KOR,2008,37064.152
KOR,2009,37176.195
KOR,2010,39574.05
KOR,2011,40719.227
KOR,2012,41537.67
KOR,2013,42709.977
KOR,2014,43806.926
KOR,2015,44849.105
KOR,2016,46088.242
KOR,2017,47536.79
KOR,2018,48834.445
KOR,2019,49790.867
KOR,2020,49374.094
KOR,2021,51718.25
KOR,2022,53228.605
KOR,2023,54029.344
ESP,1990,31773.227
ESP,1991,32499.348
ESP,1992,32641.082
ESP,1993,32137.314
ESP,1994,32746.93
ESP,1995,33501.73
ESP,1996,34232.38
ESP,1997,35312.086
ESP,1998,36679.094
ESP,1999,38141.316
ESP,2000,39945.9
ESP,2001,41224.293
ESP,2002,41766.04
ESP,2003,42223.13
ESP,2004,42793.39
ESP,2005,43570.766
ESP,2006,44572.68
ESP,2007,45301.285
ESP,2008,44926.348
ESP,2009,42852.223
ESP,2010,42695.527
ESP,2011,42271.836
ESP,2012,41034.047
ESP,2013,40594.914
ESP,2014,41339.41
ESP,2015,43053.76
ESP,2016,44274.668
ESP,2017,45446.25
ESP,2018,46325.21
ESP,2019,46896.418
ESP,2020,41553.45
ESP,2021,44251.664
ESP,2022,46733.48
ESP,2023,47322.594
LKA,1990,4561.579
LKA,1995,5523.312
LKA,1996,5624.024
LKA,1997,5871.723
LKA,1999,6176.2354
LKA,2005,7452.742
LKA,2006,7970.665
LKA,2008,8897.827
LKA,2009,9156.319
LKA,2010,9832.187
LKA,2011,10618.492
LKA,2012,11447.693
LKA,2013,12249.723
LKA,2014,12909.966
LKA,2015,13329.779
LKA,2016,13845.614
LKA,2017,14572.485
LKA,2018,14759.825
LKA,2019,14637.444
SUR,2000,16220.179
SUR,2001,16556.943
SUR,2002,16678.072
SUR,2003,17383.502
SUR,2004,18585.518
SUR,2005,19220.283
SUR,2006,20113.67
SUR,2007,20902.139
SUR,2008,21515.812
SUR,2013,24624.021
SUR,2014,24414.355
SUR,2015,23327.525
SUR,2016,21950.412
SUR,2017,22070.514
SUR,2018,22938.535
SUR,2019,22966.74
SUR,2020,19091.361
SUR,2021,18458.234
SUR,2022,18742.588
SUR,2023,19020.867
SWE,1990,40549.31
SWE,1991,39812.316
SWE,1992,39120.926
SWE,1993,38090.945
SWE,1994,39340.0
SWE,1995,40736.426
SWE,1996,41364.984
SWE,1997,42608.414
SWE,1998,44392.844
SWE,1999,46221.81
SWE,2000,48284.8
SWE,2001,48810.645
SWE,2002,49760.215
SWE,2003,50507.934
SWE,2004,52412.41
SWE,2005,53661.316
SWE,2006,55855.496
SWE,2007,57230.79
SWE,2008,56262.47
SWE,2009,53411.2
SWE,2010,56003.27
SWE,2011,57340.504
SWE,2012,56682.02
SWE,2013,56843.164
SWE,2014,57574.05
SWE,2015,59468.355
SWE,2016,59977.387
SWE,2017,60288.8
SWE,2018,60647.45
SWE,2019,61601.63
SWE,2020,59975.363
SWE,2021,62731.7
SWE,2022,63088.42
SWE,2023,62662.766
CHE,1990,64010.758
CHE,1991,62636.773
CHE,1992,61922.89
CHE,1993,61284.203
CHE,1994,61569.598
CHE,1995,61453.63
CHE,1996,61471.168
CHE,1997,62709.99
CHE,1998,64418.387
CHE,1999,65177.883
CHE,2000,67378.39
CHE,2001,68008.34
CHE,2002,67446.41
CHE,2009,72709.81
CHE,2010,74290.266
CHE,2011,74800.89
CHE,2012,74883.62
CHE,2013,75354.16
CHE,2014,76189.6
CHE,2015,76566.08
CHE,2016,77301.21
CHE,2017,77626.91
CHE,2018,79261.36
CHE,2019,79596.7
CHE,2020,77324.89
CHE,2021,81001.414
CHE,2022,82777.3
CHE,2023,82295.3
SYR,1997,8126.3657
SYR,1998,8456.783
SYR,1999,7951.39
SYR,2000,7807.93
SYR,2001,7698.397
SYR,2002,7811.816
SYR,2003,8177.545
SYR,2004,8528.656
SYR,2005,8828.946
SYR,2006,8885.806
SYR,2007,8829.309
SYR,2008,8903.772
SYR,2009,9284.102
SYR,2010,9546.561
TJK,1990,4173.046
TJK,1991,3777.1074
TJK,1992,2630.3865
TJK,1993,2169.9675
TJK,1994,1678.3385
TJK,1995,1439.5028
TJK,1996,1175.7941
TJK,1997,1181.2811
TJK,1998,1236.6755
TJK,1999,1275.8225
TJK,2000,1365.2333
TJK,2001,1467.3988
TJK,2002,1594.939
TJK,2003,1736.6404
TJK,2004,1878.287
TJK,2005,1965.3002
TJK,2006,2063.2886
TJK,2007,2181.898
TJK,2008,2308.0942
TJK,2009,2349.5002
TJK,2010,2449.2737
TJK,2011,2572.4807
TJK,2020,3724.749
TZA,1995,1685.8511
TZA,1996,1730.5546
TZA,1997,1755.8037
TZA,2003,2059.8374
TZA,2004,2155.2415
TZA,2010,2654.8035
TZA,2011,2779.7078
TZA,2012,2822.4854
TZA,2013,2924.8633
TZA,2015,3111.4446
TZA,2016,3214.2468
TZA,2017,3318.2883
TZA,2018,3392.6887
TZA,2019,3484.6326
TZA,2020,3449.8215
THA,1990,8701.954
THA,1991,9294.031
THA,1992,9886.899
THA,1993,10538.816
THA,1994,11215.037
THA,1995,11953.92
THA,1996,12456.329
THA,1997,11952.85
THA,1998,10897.153
THA,1999,11253.388
THA,2000,11622.525
THA,2001,11901.318
THA,2002,12512.184
THA,2003,13287.305
THA,2004,13997.001
THA,2005,14458.255
THA,2006,15051.061
THA,2007,15742.655
THA,2008,15891.782
THA,2009,15665.903
THA,2010,16730.37
THA,2011,16766.348
TON,1995,5508.3394
TON,1996,5510.7085
TON,1997,5455.9053
TON,2000,5808.265
TON,2001,5860.0806
TON,2002,6085.1133
TON,2003,6053.88
TON,2004,5900.4575
TON,2005,5828.3706
TON,2006,5670.914
TON,2007,5506.652
TON,2008,5758.5684
TON,2009,5453.875
TON,2010,5488.7505
TON,2011,5847.444
TON,2012,5907.267
TON,2018,6885.1025
TON,2019,6858.839
TTO,2000,19637.555
TTO,2001,20366.754
TTO,2002,21876.854
TTO,2003,24910.822
TTO,2004,26757.908
TTO,2005,29536.44
TTO,2006,33348.75
TTO,2007,34793.645
TTO,2008,35825.332
TTO,2009,34212.27
TTO,2010,35145.125
TTO,2011,34769.76
TTO,2012,36903.69
TTO,2013,37994.07
TTO,2014,39248.656
TTO,2015,38963.965
TTO,2016,35914.99
TTO,2017,34095.99
TTO,2018,33710.02
TTO,2019,33748.707
TTO,2020,30720.887
TTO,2021,30482.121
TTO,2022,30784.111
TUN,2004,10263.806
TUN,2005,10529.16
TUN,2006,10983.922
TUN,2007,11613.925
TUN,2008,11990.196
TUN,2009,12229.775
TUN,2010,12458.271
TUN,2012,12436.3955
TUN,2019,13243.902
TUN,2020,11955.599
TUR,2003,15255.718
TUR,2004,16583.883
TUR,2005,17902.596
TUR,2006,18972.01
TUR,2007,19909.084
TUR,2008,19839.584
TUR,2010,19897.447
TUR,2011,21760.43
TUR,2012,22517.715
TUR,2015,25984.803
TUR,2016,26489.645
TUR,2017,28194.688
TUR,2018,28780.303
TUR,2019,28741.053
TUR,2020,28976.719
TUR,2021,32105.547
TUR,2022,33520.812
TUR,2023,35069.17
TKM,1990,7925.498
TKM,1991,7373.584
TKM,1992,6128.9155
TKM,1993,6085.5254
TKM,1994,4929.734
TKM,1995,4493.4277
TKM,1996,4712.8335
TKM,1997,4105.369
TKM,1998,4323.302
TKM,1999,4945.0854
TKM,2000,5112.5293
TKM,2001,5228.803
TKM,2002,5138.871
TKM,2003,5203.8545
TKM,2004,5360.224
TKM,2005,5945.9526
TKM,2006,6476.828
TKM,2010,8842.333
TKM,2011,9929.689
TKM,2012,10794.233
TKM,2013,11633.291
TKM,2014,12544.398
TKM,2015,13057.83
TCA,2007,21878.82
TCA,2008,22689.316
TCA,2009,17512.197
TCA,2013,15461.873
TCA,2014,16138.849
TCA,2019,30611.213
TCA,2020,19702.537
TCA,2021,25056.488
TCA,2022,28209.625
TUV,2002,4042.9011
TUV,2003,3838.4036
TUV,2004,3704.9272
TUV,2005,3488.5364
TUV,2006,3532.3994
TUV,2007,3737.8787
TUV,2008,3933.374
TUV,2009,3638.1875
TUV,2010,3506.0603
TUV,2011,3687.4392
TUV,2012,3558.1523
TUV,2019,5292.0303
UGA,1995,1288.5089
UGA,1996,1367.9457
UGA,1997,1396.6311
UGA,2007,1999.0625
UGA,2008,2110.1006
UGA,2009,2188.299
UGA,2010,2244.606
UGA,2011,2384.4653
UGA,2012,2405.0945
UGA,2013,2420.8882
UGA,2014,2470.504
UGA,2016,2554.2278
UGA,2017,2543.8477
UGA,2018,2613.88
UGA,2019,2689.4102
UGA,2020,2678.009
UGA,2021,2684.9204
UGA,2022,2724.906
UGA,2023,2791.0557
UKR,1990,22815.799
UKR,1991,20784.16
UKR,1992,18671.873
UKR,1993,16012.372
UKR,1994,12410.525
UKR,1995,10983.009
UKR,1996,9969.501
UKR,1997,9754.05
UKR,1998,9646.055
UKR,1999,9704.445
UKR,2000,10364.0625
UKR,2001,11379.386
UKR,2002,12092.789
UKR,2003,13342.88
UKR,2004,15021.066
UKR,2005,15610.573
UKR,2006,16901.508
UKR,2007,18374.014
UKR,2008,18883.986
UKR,2009,16092.796
UKR,2010,16811.795
UKR,2012,17848.74
UKR,2014,16978.812
UKR,2017,16310.36
UKR,2018,16978.984
UKR,2019,17636.555
UKR,2020,17092.54
UKR,2021,17846.408
ARE,2010,70913.78
ARE,2011,73190.4
ARE,2012,73644.055
ARE,2013,74237.22
ARE,2014,74145.11
ARE,2015,75238.555
ARE,2019,72822.97
ARE,2020,66808.65
ARE,2021,68580.15
ARE,2022,70075.63
GBR,1990,32993.168
GBR,1991,32466.195
GBR,1992,32797.73
GBR,1993,33861.254
GBR,1994,35448.18
GBR,1995,36603.74
GBR,1996,37465.38
GBR,1997,39192.61
GBR,1998,40347.18
GBR,1999,41396.938
GBR,2000,43115.562
GBR,2001,43976.84
GBR,2002,44539.465
GBR,2005,47529.938
GBR,2006,48215.047
GBR,2007,49243.25
GBR,2008,48833.07
GBR,2009,46241.805
GBR,2010,46917.89
GBR,2011,46949.02
GBR,2012,47328.21
GBR,2013,47820.28
GBR,2014,48964.285
GBR,2015,49652.72
GBR,2016,50346.86
GBR,2017,51586.676
GBR,2018,52131.695
GBR,2019,52515.684
GBR,2020,47158.984
GBR,2021,51004.426
USA,1990,44378.523
USA,1991,43742.027
USA,1992,44659.152
USA,1993,45286.934
USA,1994,46537.355
USA,1995,47220.957
USA,1996,48435.7
USA,1997,49984.27
USA,1998,51619.87
USA,1999,53474.047
USA,2000,55038.62
USA,2001,55017.305
USA,2002,55436.117
USA,2006,60676.566
USA,2007,61306.598
USA,2008,60798.434
USA,2009,58714.973
USA,2010,59789.414
USA,2011,60245.484
USA,2012,61134.53
USA,2013,61958.723
USA,2014,63018.805
USA,2015,64359.473
USA,2016,65017.656
USA,2017,66155.555
USA,2018,67719.766
USA,2019,69112.6
USA,2020,67342.07
USA,2021,71307.4
USA,2022,72679.26
USA,2023,74158.72
VIR,2002,54299.23
VIR,2003,54086.156
VIR,2004,55883.453
VIR,2005,57838.098
VIR,2006,59911.723
VIR,2007,62332.945
VIR,2008,63057.625
VIR,2009,58895.305
VIR,2010,59272.246
VIR,2011,54443.07
VIR,2012,46422.414
URY,1990,14060.846
URY,1991,14474.732
URY,1992,15536.487
URY,1995,16600.04
URY,1996,17433.693
URY,1997,18823.941
URY,1998,19577.79
URY,1999,19192.717
URY,2000,18752.059
URY,2001,17986.9
URY,2002,16572.79
URY,2003,16694.44
URY,2004,17519.379
URY,2005,18811.32
URY,2006,19560.082
URY,2007,20803.893
URY,2008,22249.383
URY,2009,23138.082
URY,2010,24879.836
URY,2011,26099.322
URY,2012,26953.281
URY,2013,28119.482
URY,2014,28935.098
URY,2015,28941.629
URY,2016,29332.566
URY,2017,29762.434
URY,2018,29757.94
URY,2019,30010.574
URY,2020,27788.186
URY,2021,29431.885
URY,2022,30804.703
URY,2023,31059.254
UZB,1990,4214.584
UZB,1991,4094.2273
UZB,1992,3547.3115
UZB,1993,3386.4622
UZB,1994,3142.4329
UZB,1995,3052.4187
UZB,1996,3046.5637
UZB,1997,3150.0852
UZB,1998,3234.3574
UZB,1999,3326.4253
UZB,2000,3410.6504
UZB,2001,3509.7285
UZB,2002,3604.6934
UZB,2003,3711.7786
UZB,2004,3939.5305
UZB,2005,4160.955
UZB,2006,4413.7227
UZB,2007,4764.564
UZB,2008,5115.644
UZB,2015,7529.7637
UZB,2016,7839.978
UZB,2017,8047.0537
UZB,2018,8348.961
UZB,2019,8755.126
UZB,2020,8727.411
UZB,2021,9247.644
VUT,2019,3512.072
VUT,2020,3259.9954
VNM,2001,4570.2686
VNM,2002,4809.6216
VNM,2003,5090.29
VNM,2004,5421.097
VNM,2005,5776.3633
VNM,2006,6098.245
VNM,2007,6418.544
VNM,2008,6659.1357
VNM,2009,6914.339
VNM,2010,7274.733
VNM,2011,7652.619
OWID_WRL,2000,12769.831
OWID_WRL,2001,12904.862
OWID_WRL,2002,13093.065
OWID_WRL,2003,13402.992
OWID_WRL,2004,13914.812
OWID_WRL,2005,14370.885
OWID_WRL,2006,14927.549
OWID_WRL,2007,15510.866
OWID_WRL,2008,15747.7295
OWID_WRL,2009,15452.501
OWID_WRL,2010,16047.989
OWID_WRL,2011,16479.488
OWID_WRL,2012,16784.95
OWID_WRL,2013,17122.045
OWID_WRL,2014,17500.176
OWID_WRL,2015,17868.092
OWID_WRL,2016,18232.727
OWID_WRL,2017,18714.94
OWID_WRL,2018,19189.02
OWID_WRL,2019,19552.084
OWID_WRL,2020,18811.494
OWID_WRL,2021,19866.768
OWID_WRL,2022,20409.441
OWID_WRL,2023,20918.305
ZMB,1990,2425.1113
ZMB,1991,2364.8623
ZMB,1992,2268.498
ZMB,1993,2365.6296
ZMB,1994,2110.5833
ZMB,1998,2157.5735
ZMB,1999,2198.1892
ZMB,2000,2220.5654
ZMB,2008,2908.1436
ZMB,2009,3065.8442
ZMB,2010,3266.5076
ZMB,2011,3335.6433
ZMB,2012,3474.5525
ZMB,2013,3535.2246
ZMB,2014,3585.5774
ZMB,2015,3576.9255
ZWE,1990,6082.8423
ZWE,2001,6217.4116
ZWE,2002,5610.1914
ZWE,2003,4601.6606
ZWE,2004,4287.598
ZWE,2005,4004.6646
ZWE,2006,3819.2334
ZWE,2010,3885.3938
ZWE,2012,5003.4873
ZWE,2018,5415.4697
ZWE,2019,4993.8438
ZWE,2020,4527.7197
ZWE,2021,4827.089
ZWE,2022,5036.761
