Country_Code,Year,Crime_Count,Crime_Type
AFG,2009,1115.0,Homicide
AFG,2010,983.0,Homicide
AFG,2011,1231.0,Homicide
AFG,2012,1948.0,Homicide
AFG,2015,3367.0,Homicide
AFG,2016,2318.0,Homicide
AFG,2017,2424.0,Homicide
AFG,2018,2474.0,Homicide
AFG,2019,2712.0,Homicide
AFG,2020,2570.0,Homicide
AFG,2021,1613.0,Homicide
ALB,1992,130.0,Homicide
ALB,1993,191.0,Homicide
ALB,1994,112.0,Homicide
ALB,1995,259.0,Homicide
ALB,1996,272.0,Homicide
ALB,1997,1334.0,Homicide
ALB,1998,660.0,Homicide
ALB,1999,532.0,Homicide
ALB,2000,131.0,Homicide
ALB,2001,220.0,Homicide
ALB,2002,216.0,Homicide
ALB,2003,166.0,Homicide
ALB,2004,131.0,Homicide
ALB,2005,154.0,Homicide
ALB,2006,95.0,Homicide
ALB,2007,105.0,Homicide
ALB,2008,93.0,Homicide
ALB,2009,85.0,Homicide
ALB,2010,119.0,Homicide
ALB,2011,142.0,Homicide
ALB,2012,157.0,Homicide
ALB,2013,124.0,Homicide
ALB,2014,134.0,Homicide
ALB,2015,64.0,Homicide
ALB,2016,79.0,Homicide
ALB,2017,58.0,Homicide
ALB,2018,66.0,Homicide
ALB,2019,65.0,Homicide
ALB,2020,61.0,Homicide
ALB,2021,66.0,Homicide
ALB,2022,48.0,Homicide
ALB,2023,39.0,Homicide
ALB,2024,49.0,Homicide
DZA,2006,312.0,Homicide
DZA,2007,271.0,Homicide
DZA,2008,328.0,Homicide
DZA,2009,277.0,Homicide
DZA,2010,254.0,Homicide
DZA,2011,280.0,Homicide
DZA,2012,523.0,Homicide
DZA,2013,480.0,Homicide
DZA,2014,577.0,Homicide
DZA,2015,546.0,Homicide
DZA,2016,542.0,Homicide
DZA,2017,524.0,Homicide
DZA,2018,568.0,Homicide
DZA,2019,519.0,Homicide
DZA,2020,654.0,Homicide
DZA,2021,695.0,Homicide
DZA,2022,795.0,Homicide
DZA,2023,536.0,Homicide
AND,2004,1.0,Homicide
AND,2007,0.0,Homicide
AND,2008,1.0,Homicide
AND,2009,0.0,Homicide
AND,2010,0.0,Homicide
AND,2011,1.0,Homicide
AND,2012,0.0,Homicide
AND,2013,0.0,Homicide
AND,2014,0.0,Homicide
AND,2015,0.0,Homicide
AND,2020,2.0,Homicide
AGO,2011,1055.0,Homicide
AGO,2012,1217.0,Homicide
AGO,2015,1254.0,Homicide
AGO,2016,1196.0,Homicide
ATG,1990,1.0,Homicide
ATG,1991,3.0,Homicide
ATG,1992,2.0,Homicide
ATG,1993,4.0,Homicide
ATG,1994,5.0,Homicide
ATG,1995,7.0,Homicide
ATG,1996,3.0,Homicide
ATG,1997,1.0,Homicide
ATG,2000,5.0,Homicide
ATG,2001,7.0,Homicide
ATG,2002,5.0,Homicide
ATG,2003,5.0,Homicide
ATG,2004,4.0,Homicide
ATG,2005,3.0,Homicide
ATG,2006,11.0,Homicide
ATG,2007,17.0,Homicide
ATG,2008,16.0,Homicide
ATG,2009,16.0,Homicide
ATG,2010,6.0,Homicide
ATG,2012,10.0,Homicide
ATG,2017,20.0,Homicide
ATG,2018,12.0,Homicide
ATG,2019,3.0,Homicide
ATG,2020,9.0,Homicide
ATG,2021,16.0,Homicide
ATG,2022,10.0,Homicide
ATG,2023,10.0,Homicide
ARG,2001,3129.0,Homicide
ARG,2002,3570.0,Homicide
ARG,2003,2967.0,Homicide
ARG,2004,2338.0,Homicide
ARG,2005,2198.0,Homicide
ARG,2006,2111.0,Homicide
ARG,2007,2139.0,Homicide
ARG,2008,2371.0,Homicide
ARG,2009,2642.0,Homicide
ARG,2010,2384.0,Homicide
ARG,2011,2511.0,Homicide
ARG,2012,2648.0,Homicide
ARG,2013,3072.0,Homicide
ARG,2014,3228.0,Homicide
ARG,2015,2837.0,Homicide
ARG,2016,2625.0,Homicide
ARG,2017,2317.0,Homicide
ARG,2018,2384.0,Homicide
ARG,2019,2308.0,Homicide
ARG,2020,2419.0,Homicide
ARG,2021,2094.0,Homicide
ARG,2022,1958.0,Homicide
ARG,2023,2046.0,Homicide
ARM,1990,178.0,Homicide
ARM,1991,186.0,Homicide
ARM,1992,305.0,Homicide
ARM,1993,268.0,Homicide
ARM,1994,157.0,Homicide
ARM,1995,116.0,Homicide
ARM,1996,114.0,Homicide
ARM,1997,100.0,Homicide
ARM,1998,93.0,Homicide
ARM,1999,90.0,Homicide
ARM,2000,91.0,Homicide
ARM,2001,88.0,Homicide
ARM,2002,69.0,Homicide
ARM,2004,83.0,Homicide
ARM,2005,58.0,Homicide
ARM,2006,79.0,Homicide
ARM,2007,77.0,Homicide
ARM,2008,97.0,Homicide
ARM,2009,97.0,Homicide
ARM,2010,56.0,Homicide
ARM,2011,71.0,Homicide
ARM,2012,65.0,Homicide
ARM,2013,63.0,Homicide
ARM,2014,72.0,Homicide
ARM,2015,75.0,Homicide
ARM,2016,87.0,Homicide
ARM,2017,70.0,Homicide
ARM,2018,50.0,Homicide
ARM,2019,73.0,Homicide
ARM,2020,75.0,Homicide
ARM,2021,90.0,Homicide
ARM,2022,79.0,Homicide
ARM,2023,65.0,Homicide
ABW,1990,0.0,Homicide
ABW,1995,6.0,Homicide
ABW,1999,2.0,Homicide
ABW,2001,4.0,Homicide
ABW,2002,5.0,Homicide
ABW,2003,4.0,Homicide
ABW,2004,2.0,Homicide
ABW,2005,6.0,Homicide
ABW,2006,5.0,Homicide
ABW,2007,3.0,Homicide
ABW,2008,5.0,Homicide
ABW,2009,4.0,Homicide
ABW,2010,4.0,Homicide
ABW,2011,2.0,Homicide
ABW,2012,4.0,Homicide
ABW,2013,6.0,Homicide
ABW,2014,2.0,Homicide
AUS,1990,374.0,Homicide
AUS,1991,340.0,Homicide
AUS,1992,301.0,Homicide
AUS,1993,333.0,Homicide
AUS,1994,320.0,Homicide
AUS,1995,356.0,Homicide
AUS,1996,354.0,Homicide
AUS,1997,364.0,Homicide
AUS,1998,334.0,Homicide
AUS,1999,385.0,Homicide
AUS,2000,362.0,Homicide
AUS,2001,347.0,Homicide
AUS,2002,366.0,Homicide
AUS,2003,302.0,Homicide
AUS,2004,263.0,Homicide
AUS,2005,259.0,Homicide
AUS,2006,281.0,Homicide
AUS,2007,255.0,Homicide
AUS,2008,261.0,Homicide
AUS,2009,263.0,Homicide
AUS,2010,231.0,Homicide
AUS,2011,248.0,Homicide
AUS,2012,243.0,Homicide
AUS,2013,245.0,Homicide
AUS,2014,243.0,Homicide
AUS,2015,236.0,Homicide
AUS,2016,227.0,Homicide
AUS,2017,208.0,Homicide
AUS,2018,221.0,Homicide
AUS,2019,225.0,Homicide
AUS,2020,221.0,Homicide
AUS,2021,193.0,Homicide
AUS,2022,220.0,Homicide
AUS,2023,226.0,Homicide
AUT,1990,89.0,Homicide
AUT,1991,103.0,Homicide
AUT,1992,97.0,Homicide
AUT,1993,80.0,Homicide
AUT,1994,88.0,Homicide
AUT,1995,78.0,Homicide
AUT,1996,99.0,Homicide
AUT,1997,66.0,Homicide
AUT,1998,77.0,Homicide
AUT,1999,60.0,Homicide
AUT,2000,82.0,Homicide
AUT,2001,70.0,Homicide
AUT,2002,65.0,Homicide
AUT,2003,50.0,Homicide
AUT,2004,59.0,Homicide
AUT,2005,54.0,Homicide
AUT,2006,61.0,Homicide
AUT,2007,45.0,Homicide
AUT,2008,58.0,Homicide
AUT,2009,51.0,Homicide
AUT,2010,61.0,Homicide
AUT,2011,77.0,Homicide
AUT,2012,81.0,Homicide
AUT,2013,61.0,Homicide
AUT,2014,42.0,Homicide
AUT,2015,44.0,Homicide
AUT,2016,54.0,Homicide
AUT,2017,70.0,Homicide
AUT,2018,86.0,Homicide
AUT,2019,77.0,Homicide
AUT,2020,65.0,Homicide
AUT,2021,65.0,Homicide
AUT,2022,79.0,Homicide
AUT,2023,80.0,Homicide
AZE,1990,329.0,Homicide
AZE,1991,357.0,Homicide
AZE,1992,564.0,Homicide
AZE,1993,478.0,Homicide
AZE,1994,499.0,Homicide
AZE,1995,443.0,Homicide
AZE,1996,400.0,Homicide
AZE,1997,284.0,Homicide
AZE,1998,280.0,Homicide
AZE,1999,242.0,Homicide
AZE,2000,226.0,Homicide
AZE,2001,218.0,Homicide
AZE,2002,212.0,Homicide
AZE,2007,189.0,Homicide
AZE,2008,192.0,Homicide
AZE,2010,206.0,Homicide
AZE,2011,211.0,Homicide
AZE,2012,202.0,Homicide
AZE,2013,221.0,Homicide
AZE,2014,236.0,Homicide
AZE,2015,211.0,Homicide
AZE,2016,169.0,Homicide
AZE,2017,182.0,Homicide
AZE,2018,197.0,Homicide
AZE,2019,168.0,Homicide
AZE,2020,219.0,Homicide
AZE,2021,174.0,Homicide
AZE,2022,184.0,Homicide
AZE,2023,223.0,Homicide
AZE,2024,206.0,Homicide
BHS,1990,45.0,Homicide
BHS,1991,28.0,Homicide
BHS,1992,41.0,Homicide
BHS,1993,35.0,Homicide
BHS,1994,52.0,Homicide
BHS,1995,40.0,Homicide
BHS,1996,51.0,Homicide
BHS,1997,46.0,Homicide
BHS,2000,74.0,Homicide
BHS,2001,43.0,Homicide
BHS,2002,52.0,Homicide
BHS,2003,50.0,Homicide
BHS,2004,44.0,Homicide
BHS,2005,52.0,Homicide
BHS,2006,61.0,Homicide
BHS,2007,78.0,Homicide
BHS,2008,73.0,Homicide
BHS,2009,87.0,Homicide
BHS,2010,94.0,Homicide
BHS,2011,127.0,Homicide
BHS,2012,110.0,Homicide
BHS,2013,119.0,Homicide
BHS,2014,122.0,Homicide
BHS,2015,146.0,Homicide
BHS,2016,111.0,Homicide
BHS,2017,122.0,Homicide
BHS,2018,91.0,Homicide
BHS,2019,95.0,Homicide
BHS,2020,73.0,Homicide
BHS,2021,119.0,Homicide
BHS,2022,128.0,Homicide
BHR,1995,5.0,Homicide
BHR,1996,8.0,Homicide
BHR,1997,6.0,Homicide
BHR,2001,9.0,Homicide
BHR,2002,8.0,Homicide
BHR,2007,4.0,Homicide
BHR,2008,6.0,Homicide
BHR,2009,13.0,Homicide
BHR,2010,2.0,Homicide
BHR,2011,12.0,Homicide
BHR,2012,9.0,Homicide
BHR,2013,11.0,Homicide
BHR,2014,9.0,Homicide
BHR,2015,3.0,Homicide
BHR,2016,4.0,Homicide
BHR,2017,6.0,Homicide
BHR,2018,5.0,Homicide
BHR,2019,4.0,Homicide
BHR,2020,0.0,Homicide
BHR,2021,1.0,Homicide
BHR,2022,3.0,Homicide
BGD,2000,3343.0,Homicide
BGD,2001,3678.0,Homicide
BGD,2002,3503.0,Homicide
BGD,2003,3471.0,Homicide
BGD,2004,3902.0,Homicide
BGD,2005,3592.0,Homicide
BGD,2006,4166.0,Homicide
BGD,2007,3863.0,Homicide
BGD,2008,4099.0,Homicide
BGD,2009,4219.0,Homicide
BGD,2010,3988.0,Homicide
BGD,2011,3966.0,Homicide
BGD,2012,4114.0,Homicide
BGD,2013,4393.0,Homicide
BGD,2014,4514.0,Homicide
BGD,2015,4035.0,Homicide
BGD,2016,3591.0,Homicide
BGD,2017,3549.0,Homicide
BGD,2018,3830.0,Homicide
BRB,1990,34.0,Homicide
BRB,1991,21.0,Homicide
BRB,1992,22.0,Homicide
BRB,1993,21.0,Homicide
BRB,1994,20.0,Homicide
BRB,1995,17.0,Homicide
BRB,1998,20.0,Homicide
BRB,1999,23.0,Homicide
BRB,2000,20.0,Homicide
BRB,2001,25.0,Homicide
BRB,2002,25.0,Homicide
BRB,2003,33.0,Homicide
BRB,2004,22.0,Homicide
BRB,2005,29.0,Homicide
BRB,2006,35.0,Homicide
BRB,2007,25.0,Homicide
BRB,2008,23.0,Homicide
BRB,2009,19.0,Homicide
BRB,2010,31.0,Homicide
BRB,2011,27.0,Homicide
BRB,2012,22.0,Homicide
BRB,2013,24.0,Homicide
BRB,2014,25.0,Homicide
BRB,2015,31.0,Homicide
BRB,2016,22.0,Homicide
BRB,2017,30.0,Homicide
BRB,2018,28.0,Homicide
BRB,2019,48.0,Homicide
BRB,2020,41.0,Homicide
BRB,2021,32.0,Homicide
BRB,2022,43.0,Homicide
BLR,1990,508.0,Homicide
BLR,1991,465.0,Homicide
BLR,1992,594.0,Homicide
BLR,1993,756.0,Homicide
BLR,1994,829.0,Homicide
BLR,1995,960.0,Homicide
BLR,1996,970.0,Homicide
BLR,1997,1021.0,Homicide
BLR,1998,1036.0,Homicide
BLR,1999,974.0,Homicide
BLR,2000,1013.0,Homicide
BLR,2001,969.0,Homicide
BLR,2002,989.0,Homicide
BLR,2007,649.0,Homicide
BLR,2008,552.0,Homicide
BLR,2009,487.0,Homicide
BLR,2010,401.0,Homicide
BLR,2011,373.0,Homicide
BLR,2012,340.0,Homicide
BLR,2013,333.0,Homicide
BLR,2014,340.0,Homicide
BLR,2015,326.0,Homicide
BLR,2016,307.0,Homicide
BLR,2017,240.0,Homicide
BLR,2018,226.0,Homicide
BLR,2019,225.0,Homicide
BEL,1990,103.672134,Homicide
BEL,1991,102.23224,Homicide
BEL,1992,120.95082,Homicide
BEL,1993,144.70901,Homicide
BEL,1994,120.0,Homicide
BEL,1995,142.0,Homicide
BEL,1996,120.0,Homicide
BEL,1997,145.0,Homicide
BEL,2000,212.0,Homicide
BEL,2001,282.0,Homicide
BEL,2002,319.0,Homicide
BEL,2021,125.0,Homicide
BLZ,2000,41.0,Homicide
BLZ,2001,64.0,Homicide
BLZ,2002,87.0,Homicide
BLZ,2003,67.0,Homicide
BLZ,2004,79.0,Homicide
BLZ,2005,81.0,Homicide
BLZ,2006,92.0,Homicide
BLZ,2007,97.0,Homicide
BLZ,2008,103.0,Homicide
BLZ,2009,97.0,Homicide
BLZ,2010,129.0,Homicide
BLZ,2011,124.0,Homicide
BLZ,2012,145.0,Homicide
BLZ,2013,99.0,Homicide
BLZ,2014,123.0,Homicide
BLZ,2015,119.0,Homicide
BLZ,2016,138.0,Homicide
BLZ,2017,142.0,Homicide
BLZ,2018,143.0,Homicide
BLZ,2019,134.0,Homicide
BLZ,2020,102.0,Homicide
BLZ,2021,125.0,Homicide
BLZ,2022,113.0,Homicide
BMU,1990,1.0,Homicide
BMU,1991,3.0,Homicide
BMU,1992,1.0,Homicide
BMU,1993,3.0,Homicide
BMU,1994,6.0,Homicide
BMU,1996,4.0,Homicide
BMU,1997,2.0,Homicide
BMU,1998,0.0,Homicide
BMU,1999,2.0,Homicide
BMU,2000,0.0,Homicide
BMU,2001,3.0,Homicide
BMU,2002,1.0,Homicide
BMU,2003,2.0,Homicide
BMU,2004,1.0,Homicide
BMU,2005,2.0,Homicide
BMU,2006,3.0,Homicide
BMU,2007,3.0,Homicide
BMU,2008,5.0,Homicide
BMU,2009,6.0,Homicide
BMU,2010,7.0,Homicide
BMU,2011,8.0,Homicide
BMU,2012,6.0,Homicide
BMU,2013,5.0,Homicide
BMU,2014,4.0,Homicide
BMU,2015,4.0,Homicide
BMU,2016,8.0,Homicide
BMU,2017,5.0,Homicide
BMU,2018,5.0,Homicide
BMU,2019,0.0,Homicide
BMU,2020,7.0,Homicide
BMU,2021,7.0,Homicide
BMU,2022,9.0,Homicide
BMU,2023,4.0,Homicide
BTN,1990,20.0,Homicide
BTN,1991,12.0,Homicide
BTN,1992,27.0,Homicide
BTN,1993,19.0,Homicide
BTN,1994,20.0,Homicide
BTN,1995,16.0,Homicide
BTN,1996,12.0,Homicide
BTN,1997,7.0,Homicide
BTN,1998,11.0,Homicide
BTN,1999,13.0,Homicide
BTN,2000,18.0,Homicide
BTN,2001,19.0,Homicide
BTN,2002,19.0,Homicide
BTN,2003,5.0,Homicide
BTN,2004,15.0,Homicide
BTN,2005,11.0,Homicide
BTN,2006,9.0,Homicide
BTN,2007,14.0,Homicide
BTN,2008,18.0,Homicide
BTN,2009,16.0,Homicide
BTN,2010,16.0,Homicide
BTN,2011,32.0,Homicide
BTN,2012,33.0,Homicide
BTN,2013,24.0,Homicide
BTN,2015,12.0,Homicide
BTN,2016,9.0,Homicide
BTN,2017,13.0,Homicide
BTN,2018,9.0,Homicide
BTN,2019,8.0,Homicide
BTN,2020,19.0,Homicide
BOL,2015,543.0,Homicide
BOL,2016,642.0,Homicide
BOL,2017,747.0,Homicide
BOL,2018,574.0,Homicide
BOL,2019,497.0,Homicide
BOL,2020,428.0,Homicide
BOL,2021,418.0,Homicide
BOL,2022,485.0,Homicide
BOL,2023,541.0,Homicide
BIH,1990,73.0,Homicide
BIH,2000,99.0,Homicide
BIH,2001,82.0,Homicide
BIH,2002,90.0,Homicide
BIH,2004,68.0,Homicide
BIH,2007,66.0,Homicide
BIH,2008,66.0,Homicide
BIH,2009,71.0,Homicide
BIH,2010,56.0,Homicide
BIH,2011,51.0,Homicide
BIH,2012,63.0,Homicide
BIH,2013,46.0,Homicide
BIH,2014,50.0,Homicide
BIH,2015,57.0,Homicide
BIH,2016,45.0,Homicide
BIH,2017,42.0,Homicide
BIH,2018,39.0,Homicide
BIH,2019,42.0,Homicide
BIH,2020,43.0,Homicide
BIH,2021,32.0,Homicide
BIH,2022,35.0,Homicide
BIH,2023,39.0,Homicide
BWA,2001,213.0,Homicide
BWA,2002,255.0,Homicide
BWA,2003,312.0,Homicide
BWA,2004,259.0,Homicide
BWA,2005,291.0,Homicide
BWA,2006,261.0,Homicide
BWA,2007,280.0,Homicide
BWA,2008,281.0,Homicide
BWA,2009,289.0,Homicide
BWA,2010,303.0,Homicide
BWA,2020,221.0,Homicide
BWA,2021,273.0,Homicide
BRA,1990,29301.19,Homicide
BRA,1991,28148.473,Homicide
BRA,1992,25966.84,Homicide
BRA,1993,28012.752,Homicide
BRA,1994,29851.412,Homicide
BRA,1995,34000.09,Homicide
BRA,1996,38894.0,Homicide
BRA,1997,40507.0,Homicide
BRA,1998,41950.0,Homicide
BRA,1999,42914.0,Homicide
BRA,2000,45375.0,Homicide
BRA,2001,47955.0,Homicide
BRA,2002,49710.0,Homicide
BRA,2003,51064.0,Homicide
BRA,2004,48394.0,Homicide
BRA,2005,47593.0,Homicide
BRA,2006,49165.0,Homicide
BRA,2007,47731.0,Homicide
BRA,2008,50135.0,Homicide
BRA,2009,51461.0,Homicide
BRA,2010,52289.0,Homicide
BRA,2011,52233.0,Homicide
BRA,2012,56388.0,Homicide
BRA,2013,56845.0,Homicide
BRA,2014,59733.0,Homicide
BRA,2015,58184.0,Homicide
BRA,2016,61208.0,Homicide
BRA,2017,63788.0,Homicide
BRA,2018,55980.0,Homicide
BRA,2019,44073.0,Homicide
BRA,2020,47722.0,Homicide
BRA,2021,45562.0,Homicide
BRA,2022,44367.0,Homicide
BRA,2023,43443.0,Homicide
BRN,1996,9.0,Homicide
BRN,1997,8.0,Homicide
BRN,1998,4.0,Homicide
BRN,1999,4.0,Homicide
BRN,2000,4.0,Homicide
BRN,2003,3.0,Homicide
BRN,2004,2.0,Homicide
BRN,2005,2.0,Homicide
BRN,2006,3.0,Homicide
BRN,2007,3.0,Homicide
BRN,2008,1.0,Homicide
BRN,2009,3.0,Homicide
BRN,2010,1.0,Homicide
BRN,2011,1.0,Homicide
BRN,2012,4.0,Homicide
BRN,2013,2.0,Homicide
BGR,1990,227.0,Homicide
BGR,1991,375.0,Homicide
BGR,1992,462.0,Homicide
BGR,1993,490.0,Homicide
BGR,1994,492.0,Homicide
BGR,1995,494.0,Homicide
BGR,1996,438.0,Homicide
BGR,1997,398.0,Homicide
BGR,1998,381.0,Homicide
BGR,1999,327.0,Homicide
BGR,2000,332.0,Homicide
BGR,2001,308.0,Homicide
BGR,2002,255.0,Homicide
BGR,2003,247.0,Homicide
BGR,2004,244.0,Homicide
BGR,2005,199.0,Homicide
BGR,2006,186.0,Homicide
BGR,2007,177.0,Homicide
BGR,2008,172.0,Homicide
BGR,2009,150.0,Homicide
BGR,2010,148.0,Homicide
BGR,2011,128.0,Homicide
BGR,2012,141.0,Homicide
BGR,2013,109.0,Homicide
BGR,2014,112.0,Homicide
BGR,2015,126.0,Homicide
BGR,2016,79.0,Homicide
BGR,2017,103.0,Homicide
BGR,2018,92.0,Homicide
BGR,2019,83.0,Homicide
BGR,2020,69.0,Homicide
BGR,2021,89.0,Homicide
BGR,2022,76.0,Homicide
BGR,2023,74.0,Homicide
BDI,2012,500.0,Homicide
BDI,2013,520.0,Homicide
BDI,2014,564.0,Homicide
BDI,2015,461.0,Homicide
BDI,2016,635.0,Homicide
KHM,1992,429.0,Homicide
KHM,1993,599.0,Homicide
KHM,1994,303.0,Homicide
KHM,1995,397.0,Homicide
KHM,1996,542.0,Homicide
KHM,1997,317.0,Homicide
KHM,1998,793.0,Homicide
KHM,1999,581.0,Homicide
KHM,2000,571.0,Homicide
KHM,2001,407.0,Homicide
KHM,2002,425.0,Homicide
KHM,2003,509.0,Homicide
KHM,2004,511.0,Homicide
KHM,2005,448.0,Homicide
KHM,2006,400.0,Homicide
KHM,2007,393.0,Homicide
KHM,2008,333.0,Homicide
KHM,2009,331.0,Homicide
KHM,2010,331.0,Homicide
KHM,2011,268.0,Homicide
CMR,2000,459.0,Homicide
CMR,2001,755.0,Homicide
CMR,2002,1031.0,Homicide
CMR,2003,1002.0,Homicide
CMR,2008,776.0,Homicide
CMR,2009,1277.0,Homicide
CMR,2010,999.0,Homicide
CMR,2011,835.0,Homicide
CMR,2012,880.0,Homicide
CMR,2015,861.0,Homicide
CMR,2016,787.0,Homicide
CMR,2017,1004.0,Homicide
CMR,2020,1202.0,Homicide
CMR,2022,1868.0,Homicide
CAN,1990,657.0,Homicide
CAN,1991,754.0,Homicide
CAN,1992,733.0,Homicide
CAN,1993,626.0,Homicide
CAN,1994,596.0,Homicide
CAN,1995,587.0,Homicide
CAN,1996,634.0,Homicide
CAN,1997,586.0,Homicide
CAN,1998,559.0,Homicide
CAN,1999,539.0,Homicide
CAN,2000,546.0,Homicide
CAN,2001,554.0,Homicide
CAN,2002,582.0,Homicide
CAN,2003,549.0,Homicide
CAN,2004,625.0,Homicide
CAN,2005,664.0,Homicide
CAN,2006,608.0,Homicide
CAN,2007,597.0,Homicide
CAN,2008,614.0,Homicide
CAN,2009,610.0,Homicide
CAN,2010,557.0,Homicide
CAN,2011,609.0,Homicide
CAN,2012,549.0,Homicide
CAN,2013,509.0,Homicide
CAN,2014,525.0,Homicide
CAN,2015,611.0,Homicide
CAN,2016,616.0,Homicide
CAN,2017,665.0,Homicide
CAN,2018,662.0,Homicide
CAN,2019,689.0,Homicide
CAN,2020,765.0,Homicide
CAN,2021,801.0,Homicide
CAN,2022,882.0,Homicide
CAN,2023,778.0,Homicide
CPV,2003,15.0,Homicide
CPV,2004,21.0,Homicide
CPV,2005,44.0,Homicide
CPV,2006,35.0,Homicide
CPV,2013,54.0,Homicide
CPV,2014,65.0,Homicide
CPV,2015,46.0,Homicide
CPV,2016,62.0,Homicide
CPV,2017,38.0,Homicide
CPV,2018,31.0,Homicide
CPV,2019,33.0,Homicide
CPV,2020,36.0,Homicide
CYM,2006,1.0,Homicide
CYM,2007,2.0,Homicide
CYM,2008,4.0,Homicide
CYM,2009,8.0,Homicide
CYM,2010,9.0,Homicide
CYM,2013,5.0,Homicide
CYM,2014,5.0,Homicide
CYM,2017,3.0,Homicide
CYM,2018,7.0,Homicide
CYM,2019,2.0,Homicide
CYM,2020,3.0,Homicide
CHL,2003,513.0,Homicide
CHL,2005,576.0,Homicide
CHL,2006,590.0,Homicide
CHL,2007,616.0,Homicide
CHL,2008,588.0,Homicide
CHL,2009,630.0,Homicide
CHL,2010,541.0,Homicide
CHL,2011,636.0,Homicide
CHL,2012,434.0,Homicide
CHL,2013,556.0,Homicide
CHL,2014,438.0,Homicide
CHL,2015,419.0,Homicide
CHL,2016,620.0,Homicide
CHL,2017,779.0,Homicide
CHL,2018,825.0,Homicide
CHL,2019,924.0,Homicide
CHL,2020,1115.0,Homicide
CHL,2021,906.0,Homicide
CHL,2022,1330.0,Homicide
CHL,2023,1248.0,Homicide
CHN,1995,27356.0,Homicide
CHN,1996,25411.0,Homicide
CHN,1997,26070.0,Homicide
CHN,2002,26276.0,Homicide
CHN,2003,24393.0,Homicide
CHN,2004,24711.0,Homicide
CHN,2005,20770.0,Homicide
CHN,2006,17973.0,Homicide
CHN,2007,16119.0,Homicide
CHN,2008,14811.0,Homicide
CHN,2009,14667.0,Homicide
CHN,2010,13410.0,Homicide
CHN,2011,12015.0,Homicide
CHN,2012,11286.0,Homicide
CHN,2013,10640.0,Homicide
CHN,2014,10083.0,Homicide
CHN,2015,9200.0,Homicide
CHN,2016,8634.0,Homicide
CHN,2017,7990.0,Homicide
CHN,2018,7525.0,Homicide
CHN,2019,7379.0,Homicide
CHN,2020,7157.0,Homicide
COL,1990,24330.0,Homicide
COL,1991,28424.0,Homicide
COL,1992,28184.0,Homicide
COL,1993,28441.0,Homicide
COL,1994,27079.0,Homicide
COL,1995,22321.0,Homicide
COL,1996,23350.0,Homicide
COL,1997,23200.0,Homicide
COL,1998,23089.0,Homicide
COL,1999,24355.0,Homicide
COL,2000,26539.0,Homicide
COL,2001,27840.0,Homicide
COL,2002,28387.0,Homicide
COL,2003,23523.0,Homicide
COL,2004,20210.0,Homicide
COL,2005,18111.0,Homicide
COL,2006,17479.0,Homicide
COL,2007,17198.0,Homicide
COL,2008,16140.0,Homicide
COL,2009,15817.0,Homicide
COL,2010,15459.0,Homicide
COL,2011,16127.0,Homicide
COL,2012,16440.0,Homicide
COL,2013,15422.0,Homicide
COL,2014,13343.0,Homicide
COL,2015,12783.0,Homicide
COL,2016,12402.0,Homicide
COL,2017,12298.0,Homicide
COL,2018,11678.0,Homicide
COL,2019,11678.0,Homicide
COL,2020,11464.0,Homicide
COL,2021,13094.0,Homicide
COL,2022,12908.0,Homicide
COL,2023,13035.0,Homicide
CRI,1990,139.0,Homicide
CRI,1991,132.0,Homicide
CRI,1992,160.0,Homicide
CRI,1993,160.0,Homicide
CRI,1994,182.0,Homicide
CRI,1995,184.0,Homicide
CRI,1996,189.0,Homicide
CRI,1997,210.0,Homicide
CRI,1998,224.0,Homicide
CRI,1999,245.0,Homicide
CRI,2000,249.0,Homicide
CRI,2001,257.0,Homicide
CRI,2002,258.0,Homicide
CRI,2003,300.0,Homicide
CRI,2004,280.0,Homicide
CRI,2005,335.0,Homicide
CRI,2006,351.0,Homicide
CRI,2007,369.0,Homicide
CRI,2008,512.0,Homicide
CRI,2009,525.0,Homicide
CRI,2010,527.0,Homicide
CRI,2011,474.0,Homicide
CRI,2012,407.0,Homicide
CRI,2013,411.0,Homicide
CRI,2014,477.0,Homicide
CRI,2015,557.0,Homicide
CRI,2016,578.0,Homicide
CRI,2017,603.0,Homicide
CRI,2018,585.0,Homicide
CRI,2019,563.0,Homicide
CRI,2020,570.0,Homicide
CRI,2021,588.0,Homicide
CRI,2022,656.0,Homicide
CRI,2023,906.0,Homicide
HRV,1990,137.0,Homicide
HRV,1991,437.0,Homicide
HRV,1992,387.0,Homicide
HRV,1993,218.0,Homicide
HRV,1994,143.0,Homicide
HRV,1995,166.0,Homicide
HRV,1996,122.0,Homicide
HRV,1997,118.0,Homicide
HRV,1998,105.0,Homicide
HRV,1999,111.0,Homicide
HRV,2000,101.0,Homicide
HRV,2001,81.0,Homicide
HRV,2002,73.0,Homicide
HRV,2003,69.0,Homicide
HRV,2004,83.0,Homicide
HRV,2005,68.0,Homicide
HRV,2006,74.0,Homicide
HRV,2007,62.0,Homicide
HRV,2008,71.0,Homicide
HRV,2009,49.0,Homicide
HRV,2010,62.0,Homicide
HRV,2011,49.0,Homicide
HRV,2012,51.0,Homicide
HRV,2013,46.0,Homicide
HRV,2014,36.0,Homicide
HRV,2015,37.0,Homicide
HRV,2016,44.0,Homicide
HRV,2017,46.0,Homicide
HRV,2018,24.0,Homicide
HRV,2019,33.0,Homicide
HRV,2020,40.0,Homicide
HRV,2021,33.0,Homicide
HRV,2022,31.0,Homicide
HRV,2023,26.0,Homicide
CUW,2001,10.0,Homicide
CUW,2002,39.0,Homicide
CUW,2003,43.0,Homicide
CUW,2004,41.0,Homicide
CUW,2005,26.0,Homicide
CUW,2006,18.0,Homicide
CUW,2007,26.0,Homicide
CYP,1990,5.0,Homicide
CYP,1991,1.0,Homicide
CYP,1992,2.0,Homicide
CYP,1993,5.0,Homicide
CYP,1994,7.0,Homicide
CYP,1995,9.0,Homicide
CYP,1996,10.0,Homicide
CYP,1997,6.0,Homicide
CYP,1998,7.0,Homicide
CYP,1999,10.0,Homicide
CYP,2000,8.0,Homicide
CYP,2001,7.0,Homicide
CYP,2002,2.0,Homicide
CYP,2004,16.0,Homicide
CYP,2005,20.0,Homicide
CYP,2006,15.0,Homicide
CYP,2007,13.0,Homicide
CYP,2008,9.0,Homicide
CYP,2009,19.0,Homicide
CYP,2010,8.0,Homicide
CYP,2011,9.0,Homicide
CYP,2012,22.0,Homicide
CYP,2013,12.0,Homicide
CYP,2014,11.0,Homicide
CYP,2015,15.0,Homicide
CYP,2016,13.0,Homicide
CYP,2017,7.0,Homicide
CYP,2018,15.0,Homicide
CYP,2019,15.0,Homicide
CYP,2020,15.0,Homicide
CYP,2021,16.0,Homicide
CYP,2022,8.0,Homicide
CYP,2023,11.0,Homicide
CYP,2024,13.0,Homicide
CZE,1994,207.0,Homicide
CZE,1995,176.0,Homicide
CZE,1996,173.0,Homicide
CZE,1997,187.0,Homicide
CZE,1998,174.0,Homicide
CZE,1999,172.0,Homicide
CZE,2000,191.0,Homicide
CZE,2001,135.0,Homicide
CZE,2002,139.0,Homicide
CZE,2003,163.0,Homicide
CZE,2004,134.0,Homicide
CZE,2005,108.0,Homicide
CZE,2006,130.0,Homicide
CZE,2007,126.0,Homicide
CZE,2008,114.0,Homicide
CZE,2009,94.0,Homicide
CZE,2010,103.0,Homicide
CZE,2011,86.0,Homicide
CZE,2012,105.0,Homicide
CZE,2013,90.0,Homicide
CZE,2014,81.0,Homicide
CZE,2015,88.0,Homicide
CZE,2016,65.0,Homicide
CZE,2017,66.0,Homicide
CZE,2019,91.0,Homicide
CZE,2020,77.0,Homicide
CZE,2021,47.0,Homicide
CZE,2022,87.0,Homicide
CZE,2023,83.0,Homicide
DNK,1990,41.0,Homicide
DNK,1991,68.0,Homicide
DNK,1992,62.0,Homicide
DNK,1993,71.0,Homicide
DNK,1994,75.0,Homicide
DNK,1995,59.0,Homicide
DNK,1996,68.0,Homicide
DNK,1997,88.0,Homicide
DNK,1998,49.0,Homicide
DNK,1999,52.0,Homicide
DNK,2000,58.0,Homicide
DNK,2001,52.0,Homicide
DNK,2002,48.0,Homicide
DNK,2010,42.0,Homicide
DNK,2011,46.0,Homicide
DNK,2012,47.0,Homicide
DNK,2013,48.0,Homicide
DNK,2014,74.0,Homicide
DNK,2015,62.0,Homicide
DNK,2016,56.0,Homicide
DNK,2017,71.0,Homicide
DNK,2018,58.0,Homicide
DNK,2019,50.0,Homicide
DNK,2020,48.0,Homicide
DNK,2021,37.0,Homicide
DNK,2022,58.0,Homicide
DNK,2023,50.0,Homicide
DMA,1998,9.0,Homicide
DMA,1999,7.0,Homicide
DMA,2000,2.0,Homicide
DMA,2001,1.0,Homicide
DMA,2002,9.0,Homicide
DMA,2003,8.0,Homicide
DMA,2004,8.0,Homicide
DMA,2005,8.0,Homicide
DMA,2006,5.0,Homicide
DMA,2007,7.0,Homicide
DMA,2008,7.0,Homicide
DMA,2009,13.0,Homicide
DMA,2010,15.0,Homicide
DMA,2011,6.0,Homicide
DMA,2014,9.0,Homicide
DMA,2015,9.0,Homicide
DMA,2016,16.0,Homicide
DMA,2017,19.0,Homicide
DMA,2018,13.0,Homicide
DMA,2019,13.0,Homicide
DMA,2020,15.0,Homicide
DMA,2021,10.0,Homicide
DMA,2022,19.0,Homicide
DOM,1991,908.0,Homicide
DOM,1992,807.0,Homicide
DOM,1993,930.0,Homicide
DOM,1994,1005.0,Homicide
DOM,1995,1007.0,Homicide
DOM,1996,1032.0,Homicide
DOM,1997,1038.0,Homicide
DOM,1998,1121.0,Homicide
DOM,1999,1066.0,Homicide
DOM,2000,1210.0,Homicide
DOM,2001,1095.0,Homicide
DOM,2002,1279.0,Homicide
DOM,2003,1902.0,Homicide
DOM,2004,2239.0,Homicide
DOM,2005,2394.0,Homicide
DOM,2006,2144.0,Homicide
DOM,2007,2111.0,Homicide
DOM,2008,2394.0,Homicide
DOM,2009,2375.0,Homicide
DOM,2010,2474.0,Homicide
DOM,2011,2513.0,Homicide
DOM,2012,2268.0,Homicide
DOM,2013,1978.0,Homicide
DOM,2014,1810.0,Homicide
DOM,2016,1616.0,Homicide
DOM,2017,1216.0,Homicide
DOM,2018,1068.0,Homicide
DOM,2019,1026.0,Homicide
DOM,2020,961.0,Homicide
DOM,2021,1172.0,Homicide
DOM,2022,1389.0,Homicide
DOM,2023,1237.0,Homicide
TLS,2004,23.0,Homicide
TLS,2005,46.0,Homicide
TLS,2006,49.0,Homicide
TLS,2007,62.0,Homicide
TLS,2008,35.0,Homicide
TLS,2009,32.0,Homicide
TLS,2010,39.0,Homicide
TLS,2015,49.0,Homicide
ECU,1990,892.0,Homicide
ECU,1991,1153.0,Homicide
ECU,1992,935.0,Homicide
ECU,1993,926.0,Homicide
ECU,1994,1139.0,Homicide
ECU,1995,1372.1305,Homicide
ECU,1996,1462.6499,Homicide
ECU,1997,1316.5642,Homicide
ECU,1998,1642.7925,Homicide
ECU,1999,1682.0,Homicide
ECU,2000,1833.0,Homicide
ECU,2001,1658.0,Homicide
ECU,2002,1906.0,Homicide
ECU,2007,2273.0,Homicide
ECU,2008,2607.0,Homicide
ECU,2009,2625.0,Homicide
ECU,2010,2624.0,Homicide
ECU,2011,2343.0,Homicide
ECU,2012,1922.0,Homicide
ECU,2013,1725.0,Homicide
ECU,2014,1310.0,Homicide
ECU,2015,1050.0,Homicide
ECU,2016,959.0,Homicide
ECU,2017,970.0,Homicide
ECU,2018,994.0,Homicide
ECU,2019,1187.0,Homicide
ECU,2020,1372.0,Homicide
ECU,2021,2496.0,Homicide
ECU,2022,4886.0,Homicide
ECU,2023,8221.0,Homicide
EGY,1990,269.0,Homicide
EGY,1991,288.0,Homicide
EGY,1992,276.0,Homicide
EGY,1993,244.0,Homicide
EGY,1994,231.0,Homicide
EGY,2003,471.0,Homicide
EGY,2004,322.0,Homicide
EGY,2005,522.0,Homicide
EGY,2006,549.0,Homicide
EGY,2007,680.0,Homicide
EGY,2008,967.0,Homicide
EGY,2009,912.0,Homicide
EGY,2010,1839.0,Homicide
EGY,2011,2703.0,Homicide
EGY,2012,2207.0,Homicide
EGY,2014,2890.0,Homicide
EGY,2015,1711.0,Homicide
EGY,2016,1532.0,Homicide
EGY,2017,1360.0,Homicide
SLV,1994,7673.0,Homicide
SLV,1995,7977.0,Homicide
SLV,1996,6792.0,Homicide
SLV,1997,6573.0,Homicide
SLV,1998,5584.0,Homicide
SLV,1999,3845.0,Homicide
SLV,2000,3551.0,Homicide
SLV,2001,3590.0,Homicide
SLV,2002,2835.0,Homicide
SLV,2003,3356.0,Homicide
SLV,2004,3897.0,Homicide
SLV,2005,3882.0,Homicide
SLV,2006,3927.0,Homicide
SLV,2007,3497.0,Homicide
SLV,2008,3179.0,Homicide
SLV,2009,4382.0,Homicide
SLV,2010,3987.0,Homicide
SLV,2011,4371.0,Homicide
SLV,2012,2594.0,Homicide
SLV,2013,2513.0,Homicide
SLV,2014,3921.0,Homicide
SLV,2015,6656.0,Homicide
SLV,2016,5276.0,Homicide
SLV,2017,3962.0,Homicide
SLV,2018,3346.0,Homicide
SLV,2019,2398.0,Homicide
SLV,2020,1341.0,Homicide
SLV,2021,1085.0,Homicide
SLV,2022,496.0,Homicide
EST,1990,118.0,Homicide
EST,1991,119.0,Homicide
EST,1992,217.0,Homicide
EST,1993,282.0,Homicide
EST,1994,302.0,Homicide
EST,1995,246.0,Homicide
EST,1996,214.0,Homicide
EST,1997,178.0,Homicide
EST,1998,196.0,Homicide
EST,1999,157.0,Homicide
EST,2000,143.0,Homicide
EST,2001,137.0,Homicide
EST,2002,142.0,Homicide
EST,2007,96.0,Homicide
EST,2008,86.0,Homicide
EST,2009,70.0,Homicide
EST,2010,70.0,Homicide
EST,2011,65.0,Homicide
EST,2012,63.0,Homicide
EST,2013,52.0,Homicide
EST,2014,41.0,Homicide
EST,2015,45.0,Homicide
EST,2016,33.0,Homicide
EST,2017,29.0,Homicide
EST,2018,28.0,Homicide
EST,2019,26.0,Homicide
EST,2020,42.0,Homicide
EST,2021,26.0,Homicide
EST,2022,20.0,Homicide
EST,2023,21.0,Homicide
SWZ,1990,163.0,Homicide
SWZ,1991,170.0,Homicide
SWZ,1992,174.0,Homicide
SWZ,1993,174.0,Homicide
SWZ,1994,152.0,Homicide
SWZ,1998,165.0,Homicide
SWZ,1999,114.0,Homicide
SWZ,2000,128.0,Homicide
SWZ,2001,184.0,Homicide
SWZ,2002,134.0,Homicide
SWZ,2003,135.0,Homicide
SWZ,2004,146.0,Homicide
SWZ,2005,139.0,Homicide
SWZ,2006,127.0,Homicide
SWZ,2007,121.0,Homicide
SWZ,2008,217.0,Homicide
SWZ,2009,187.0,Homicide
SWZ,2010,208.0,Homicide
SWZ,2011,172.0,Homicide
SWZ,2012,104.0,Homicide
SWZ,2013,102.0,Homicide
SWZ,2014,118.0,Homicide
SWZ,2015,112.0,Homicide
SWZ,2016,116.0,Homicide
SWZ,2017,130.0,Homicide
SWZ,2021,151.0,Homicide
ETH,2012,8153.0,Homicide
FJI,1990,32.0,Homicide
FJI,1991,17.0,Homicide
FJI,1992,26.0,Homicide
FJI,1993,15.0,Homicide
FJI,1994,35.0,Homicide
FJI,1995,24.0,Homicide
FJI,1996,13.0,Homicide
FJI,1997,13.0,Homicide
FJI,2003,25.0,Homicide
FJI,2004,23.0,Homicide
FJI,2005,23.0,Homicide
FJI,2006,22.0,Homicide
FJI,2007,21.0,Homicide
FJI,2008,17.0,Homicide
FJI,2009,29.0,Homicide
FJI,2010,20.0,Homicide
FJI,2011,20.0,Homicide
FJI,2012,20.0,Homicide
FJI,2013,19.0,Homicide
FJI,2014,20.0,Homicide
FJI,2020,27.0,Homicide
FJI,2021,16.0,Homicide
FJI,2022,36.0,Homicide
FJI,2023,19.0,Homicide
FIN,1990,152.0,Homicide
FIN,1991,154.0,Homicide
FIN,1992,156.0,Homicide
FIN,1993,130.0,Homicide
FIN,1994,147.0,Homicide
FIN,1995,146.0,Homicide
FIN,1996,153.0,Homicide
FIN,1997,139.0,Homicide
FIN,1998,113.0,Homicide
FIN,1999,143.0,Homicide
FIN,2000,148.0,Homicide
FIN,2001,156.0,Homicide
FIN,2002,132.0,Homicide
FIN,2003,103.0,Homicide
FIN,2004,148.0,Homicide
FIN,2005,119.0,Homicide
FIN,2006,119.0,Homicide
FIN,2007,129.0,Homicide
FIN,2008,133.0,Homicide
FIN,2009,120.0,Homicide
FIN,2010,118.0,Homicide
FIN,2011,110.0,Homicide
FIN,2012,89.0,Homicide
FIN,2013,89.0,Homicide
FIN,2014,88.0,Homicide
FIN,2015,82.0,Homicide
FIN,2016,74.0,Homicide
FIN,2017,67.0,Homicide
FIN,2018,88.0,Homicide
FIN,2019,81.0,Homicide
FIN,2020,97.0,Homicide
FIN,2021,71.0,Homicide
FIN,2022,69.0,Homicide
FIN,2023,55.0,Homicide
FRA,1990,1355.0,Homicide
FRA,1991,1355.0,Homicide
FRA,1992,1342.0,Homicide
FRA,1993,1519.0,Homicide
FRA,1994,1406.0,Homicide
FRA,1995,1336.0,Homicide
FRA,1996,1171.0,Homicide
FRA,1997,963.0,Homicide
FRA,1998,961.0,Homicide
FRA,1999,953.0,Homicide
FRA,2000,1051.0,Homicide
FRA,2001,1047.0,Homicide
FRA,2002,1119.0,Homicide
FRA,2003,987.0,Homicide
FRA,2004,990.0,Homicide
FRA,2005,976.0,Homicide
FRA,2006,879.0,Homicide
FRA,2007,993.0,Homicide
FRA,2008,1021.0,Homicide
FRA,2009,819.0,Homicide
FRA,2010,796.0,Homicide
FRA,2011,856.0,Homicide
FRA,2012,784.0,Homicide
FRA,2013,777.0,Homicide
FRA,2014,792.0,Homicide
FRA,2015,1012.0,Homicide
FRA,2016,779.0,Homicide
FRA,2017,710.0,Homicide
FRA,2018,696.0,Homicide
FRA,2019,753.0,Homicide
FRA,2020,692.0,Homicide
FRA,2021,734.0,Homicide
FRA,2022,821.0,Homicide
FRA,2023,887.0,Homicide
FRA,2024,897.0,Homicide
GEO,1990,270.0,Homicide
GEO,1991,419.0,Homicide
GEO,1992,770.0,Homicide
GEO,1993,878.0,Homicide
GEO,1994,578.0,Homicide
GEO,1995,391.0,Homicide
GEO,1996,270.0,Homicide
GEO,1997,285.0,Homicide
GEO,1998,243.0,Homicide
GEO,1999,244.0,Homicide
GEO,2000,239.0,Homicide
GEO,2001,263.0,Homicide
GEO,2002,292.0,Homicide
GEO,2004,298.0,Homicide
GEO,2005,403.0,Homicide
GEO,2006,323.0,Homicide
GEO,2007,330.0,Homicide
GEO,2008,263.0,Homicide
GEO,2009,210.0,Homicide
GEO,2010,187.0,Homicide
GEO,2016,39.0,Homicide
GEO,2017,91.0,Homicide
GEO,2018,89.0,Homicide
GEO,2019,77.0,Homicide
DEU,1990,931.0,Homicide
DEU,1991,1127.0,Homicide
DEU,1992,1158.0,Homicide
DEU,1993,1348.0,Homicide
DEU,1994,1949.0,Homicide
DEU,1995,2032.0,Homicide
DEU,1996,1923.0,Homicide
DEU,1997,1800.0,Homicide
DEU,1998,1602.0,Homicide
DEU,1999,1326.0,Homicide
DEU,2000,1364.0,Homicide
DEU,2001,1181.0,Homicide
DEU,2002,1172.0,Homicide
DEU,2003,1097.0,Homicide
DEU,2004,1112.0,Homicide
DEU,2005,1044.0,Homicide
DEU,2006,988.0,Homicide
DEU,2007,888.0,Homicide
DEU,2008,831.0,Homicide
DEU,2009,803.0,Homicide
DEU,2010,793.0,Homicide
DEU,2011,738.0,Homicide
DEU,2012,659.0,Homicide
DEU,2013,682.0,Homicide
DEU,2014,716.0,Homicide
DEU,2015,682.0,Homicide
DEU,2016,963.0,Homicide
DEU,2017,813.0,Homicide
DEU,2018,788.0,Homicide
DEU,2019,623.0,Homicide
DEU,2020,782.0,Homicide
DEU,2021,695.0,Homicide
DEU,2022,686.0,Homicide
DEU,2023,770.0,Homicide
GHA,2001,433.0,Homicide
GHA,2002,401.0,Homicide
GHA,2003,436.0,Homicide
GHA,2004,452.0,Homicide
GHA,2005,393.0,Homicide
GHA,2006,412.0,Homicide
GHA,2007,399.0,Homicide
GHA,2008,430.0,Homicide
GHA,2009,427.0,Homicide
GHA,2010,422.0,Homicide
GHA,2011,423.0,Homicide
GHA,2012,560.0,Homicide
GHA,2013,551.0,Homicide
GHA,2014,543.0,Homicide
GHA,2015,525.0,Homicide
GHA,2016,549.0,Homicide
GHA,2017,609.0,Homicide
GHA,2018,500.0,Homicide
GHA,2019,571.0,Homicide
GHA,2020,555.0,Homicide
GHA,2021,603.0,Homicide
GHA,2022,607.0,Homicide
GRC,1990,104.0,Homicide
GRC,1991,138.0,Homicide
GRC,1992,137.0,Homicide
GRC,1993,150.0,Homicide
GRC,1994,133.0,Homicide
GRC,1995,151.0,Homicide
GRC,1996,169.0,Homicide
GRC,1997,203.0,Homicide
GRC,1998,176.0,Homicide
GRC,1999,155.0,Homicide
GRC,2001,132.0,Homicide
GRC,2002,94.0,Homicide
GRC,2004,111.0,Homicide
GRC,2005,132.0,Homicide
GRC,2006,110.0,Homicide
GRC,2007,130.0,Homicide
GRC,2008,144.0,Homicide
GRC,2009,152.0,Homicide
GRC,2010,176.0,Homicide
GRC,2011,184.0,Homicide
GRC,2012,166.0,Homicide
GRC,2013,153.0,Homicide
GRC,2014,107.0,Homicide
GRC,2015,93.0,Homicide
GRC,2016,84.0,Homicide
GRC,2017,86.0,Homicide
GRC,2018,99.0,Homicide
GRC,2019,78.0,Homicide
GRC,2020,78.0,Homicide
GRC,2021,89.0,Homicide
GRC,2022,117.0,Homicide
GRC,2023,86.0,Homicide
GRL,1992,13.0,Homicide
GRL,1993,12.0,Homicide
GRL,1994,6.0,Homicide
GRL,1995,11.0,Homicide
GRL,1996,3.0,Homicide
GRL,1997,11.0,Homicide
GRL,1998,6.0,Homicide
GRL,1999,11.0,Homicide
GRL,2000,13.0,Homicide
GRL,2001,17.0,Homicide
GRL,2002,12.0,Homicide
GRL,2003,5.0,Homicide
GRL,2004,11.0,Homicide
GRL,2005,10.0,Homicide
GRL,2006,8.0,Homicide
GRL,2007,8.0,Homicide
GRL,2008,8.0,Homicide
GRL,2009,10.0,Homicide
GRL,2010,11.0,Homicide
GRL,2011,1.0,Homicide
GRL,2012,8.0,Homicide
GRL,2013,7.0,Homicide
GRL,2014,4.0,Homicide
GRL,2015,4.0,Homicide
GRL,2016,3.0,Homicide
GRD,2000,15.0,Homicide
GRD,2001,6.0,Homicide
GRD,2002,14.0,Homicide
GRD,2003,9.0,Homicide
GRD,2004,6.0,Homicide
GRD,2005,11.0,Homicide
GRD,2006,12.0,Homicide
GRD,2007,11.0,Homicide
GRD,2008,16.0,Homicide
GRD,2009,7.0,Homicide
GRD,2010,10.0,Homicide
GRD,2011,4.0,Homicide
GRD,2012,14.0,Homicide
GRD,2013,6.0,Homicide
GRD,2014,8.0,Homicide
GRD,2015,6.0,Homicide
GRD,2016,11.0,Homicide
GRD,2017,12.0,Homicide
GRD,2018,12.0,Homicide
GRD,2019,16.0,Homicide
GRD,2020,14.0,Homicide
GRD,2021,5.0,Homicide
GRD,2022,8.0,Homicide
GRD,2023,16.0,Homicide
GTM,1992,2669.0,Homicide
GTM,1993,3231.0,Homicide
GTM,1994,3239.0,Homicide
GTM,1995,3260.0,Homicide
GTM,1996,3619.0,Homicide
GTM,1997,3998.0,Homicide
GTM,1998,3310.0,Homicide
GTM,1999,2655.0,Homicide
GTM,2000,2904.0,Homicide
GTM,2001,3230.0,Homicide
GTM,2002,3631.0,Homicide
GTM,2003,4237.0,Homicide
GTM,2004,4507.0,Homicide
GTM,2005,5338.0,Homicide
GTM,2006,5885.0,Homicide
GTM,2007,5781.0,Homicide
GTM,2008,6292.0,Homicide
GTM,2009,6498.0,Homicide
GTM,2010,5960.0,Homicide
GTM,2011,5681.0,Homicide
GTM,2012,5155.0,Homicide
GTM,2013,5155.0,Homicide
GTM,2014,5253.0,Homicide
GTM,2017,5435.0,Homicide
GTM,2018,4869.0,Homicide
GTM,2019,4437.0,Homicide
GTM,2020,3157.0,Homicide
GTM,2021,3563.0,Homicide
GTM,2022,3935.0,Homicide
GTM,2023,4235.0,Homicide
GNB,2016,64.0,Homicide
GNB,2017,21.0,Homicide
GUY,1990,90.0,Homicide
GUY,1991,192.0,Homicide
GUY,1992,105.0,Homicide
GUY,1993,117.0,Homicide
GUY,1994,108.0,Homicide
GUY,1995,109.0,Homicide
GUY,1996,88.0,Homicide
GUY,1997,87.0,Homicide
GUY,1998,113.0,Homicide
GUY,1999,91.0,Homicide
GUY,2000,76.0,Homicide
GUY,2001,80.0,Homicide
GUY,2002,143.0,Homicide
GUY,2003,209.0,Homicide
GUY,2004,131.0,Homicide
GUY,2005,142.0,Homicide
GUY,2006,153.0,Homicide
GUY,2007,115.0,Homicide
GUY,2008,158.0,Homicide
GUY,2009,117.0,Homicide
GUY,2010,140.0,Homicide
GUY,2011,130.0,Homicide
GUY,2012,139.0,Homicide
GUY,2013,155.0,Homicide
GUY,2014,149.0,Homicide
GUY,2015,149.0,Homicide
GUY,2016,142.0,Homicide
GUY,2017,115.0,Homicide
GUY,2018,111.0,Homicide
GUY,2019,136.0,Homicide
GUY,2020,157.0,Homicide
GUY,2021,131.0,Homicide
GUY,2022,131.0,Homicide
GUY,2023,158.0,Homicide
HTI,2007,486.0,Homicide
HTI,2008,498.0,Homicide
HTI,2009,598.0,Homicide
HTI,2010,677.0,Homicide
HTI,2011,914.0,Homicide
HTI,2012,1033.0,Homicide
HTI,2013,1039.0,Homicide
HTI,2014,980.0,Homicide
HTI,2015,1071.0,Homicide
HTI,2016,1028.0,Homicide
HTI,2018,743.0,Homicide
HTI,2020,1280.0,Homicide
HTI,2021,1615.0,Homicide
HTI,2022,2183.0,Homicide
HTI,2023,4789.0,Homicide
HND,1990,495.5328,Homicide
HND,1991,703.7932,Homicide
HND,1992,955.10614,Homicide
HND,1993,1252.5227,Homicide
HND,1994,1682.4454,Homicide
HND,1995,1534.0,Homicide
HND,1999,2563.0,Homicide
HND,2000,3176.0,Homicide
HND,2001,3488.0,Homicide
HND,2002,3623.0,Homicide
HND,2003,4073.0,Homicide
HND,2004,3639.0,Homicide
HND,2005,3212.0,Homicide
HND,2006,3118.0,Homicide
HND,2007,3588.0,Homicide
HND,2008,4455.0,Homicide
HND,2009,5280.0,Homicide
HND,2010,6236.0,Homicide
HND,2011,7104.0,Homicide
HND,2012,7172.0,Homicide
HND,2013,6431.0,Homicide
HND,2014,5891.0,Homicide
HND,2015,5148.0,Homicide
HND,2016,5150.0,Homicide
HND,2017,3864.0,Homicide
HND,2018,3709.0,Homicide
HND,2019,4078.0,Homicide
HND,2020,3613.0,Homicide
HND,2021,3931.0,Homicide
HND,2022,3659.0,Homicide
HND,2023,3347.0,Homicide
HKG,1990,137.0,Homicide
HKG,1991,92.0,Homicide
HKG,1992,108.0,Homicide
HKG,1993,86.0,Homicide
HKG,1994,96.0,Homicide
HKG,1995,73.0,Homicide
HKG,1996,77.0,Homicide
HKG,1997,102.0,Homicide
HKG,1998,64.0,Homicide
HKG,1999,63.0,Homicide
HKG,2000,43.0,Homicide
HKG,2001,66.0,Homicide
HKG,2002,69.0,Homicide
HKG,2003,52.0,Homicide
HKG,2004,45.0,Homicide
HKG,2005,34.0,Homicide
HKG,2006,35.0,Homicide
HKG,2007,18.0,Homicide
HKG,2008,36.0,Homicide
HKG,2009,47.0,Homicide
HKG,2010,35.0,Homicide
HKG,2011,17.0,Homicide
HKG,2012,27.0,Homicide
HKG,2013,62.0,Homicide
HKG,2014,27.0,Homicide
HKG,2015,22.0,Homicide
HKG,2016,28.0,Homicide
HKG,2017,24.0,Homicide
HKG,2018,48.0,Homicide
HKG,2019,24.0,Homicide
HKG,2020,22.0,Homicide
HKG,2021,23.0,Homicide
HKG,2022,30.0,Homicide
HKG,2023,28.0,Homicide
HUN,1990,201.0,Homicide
HUN,1991,307.0,Homicide
HUN,1992,305.0,Homicide
HUN,1993,298.0,Homicide
HUN,1994,313.0,Homicide
HUN,1995,296.0,Homicide
HUN,1996,271.0,Homicide
HUN,1997,289.0,Homicide
HUN,1998,289.0,Homicide
HUN,1999,253.0,Homicide
HUN,2000,205.0,Homicide
HUN,2001,254.0,Homicide
HUN,2002,203.0,Homicide
HUN,2003,228.0,Homicide
HUN,2004,209.0,Homicide
HUN,2005,164.0,Homicide
HUN,2006,174.0,Homicide
HUN,2007,154.0,Homicide
HUN,2008,181.0,Homicide
HUN,2009,139.0,Homicide
HUN,2010,138.0,Homicide
HUN,2011,145.0,Homicide
HUN,2012,124.0,Homicide
HUN,2013,154.0,Homicide
HUN,2014,146.0,Homicide
HUN,2015,221.0,Homicide
HUN,2016,202.0,Homicide
HUN,2017,160.0,Homicide
HUN,2018,86.0,Homicide
HUN,2019,65.0,Homicide
HUN,2020,80.0,Homicide
HUN,2021,75.0,Homicide
HUN,2022,94.0,Homicide
HUN,2023,70.0,Homicide
ISL,1994,0.0,Homicide
ISL,1995,0.0,Homicide
ISL,1996,1.0,Homicide
ISL,1997,2.0,Homicide
ISL,1998,0.0,Homicide
ISL,1999,2.0,Homicide
ISL,2000,5.0,Homicide
ISL,2001,1.0,Homicide
ISL,2002,4.0,Homicide
ISL,2005,3.0,Homicide
ISL,2006,0.0,Homicide
ISL,2007,2.0,Homicide
ISL,2008,0.0,Homicide
ISL,2009,1.0,Homicide
ISL,2010,2.0,Homicide
ISL,2011,3.0,Homicide
ISL,2012,1.0,Homicide
ISL,2013,1.0,Homicide
ISL,2014,1.0,Homicide
ISL,2015,3.0,Homicide
ISL,2016,1.0,Homicide
ISL,2017,3.0,Homicide
ISL,2018,3.0,Homicide
ISL,2019,1.0,Homicide
ISL,2020,5.0,Homicide
ISL,2021,2.0,Homicide
ISL,2022,4.0,Homicide
ISL,2023,5.0,Homicide
IND,1990,44162.0,Homicide
IND,1991,48574.0,Homicide
IND,1992,49688.0,Homicide
IND,1993,47947.0,Homicide
IND,1994,47458.0,Homicide
IND,1995,46386.0,Homicide
IND,1996,46912.0,Homicide
IND,1997,47418.0,Homicide
IND,1998,49292.0,Homicide
IND,1999,47781.0,Homicide
IND,2000,48167.0,Homicide
IND,2001,46420.0,Homicide
IND,2002,45736.0,Homicide
IND,2003,44331.0,Homicide
IND,2004,46490.0,Homicide
IND,2005,45095.0,Homicide
IND,2006,44961.0,Homicide
IND,2007,45362.0,Homicide
IND,2008,45999.0,Homicide
IND,2009,45824.0,Homicide
IND,2010,46460.0,Homicide
IND,2011,47640.0,Homicide
IND,2012,47478.0,Homicide
IND,2013,45878.0,Homicide
IND,2014,47356.0,Homicide
IND,2015,44373.0,Homicide
IND,2016,42320.0,Homicide
IND,2017,41832.0,Homicide
IND,2018,41651.0,Homicide
IND,2019,40976.0,Homicide
IND,2020,41171.0,Homicide
IND,2021,41330.0,Homicide
IND,2022,40130.0,Homicide
IDN,1998,1758.0,Homicide
IDN,1999,2090.0,Homicide
IDN,2000,2204.0,Homicide
IDN,2003,1635.0,Homicide
IDN,2004,1419.0,Homicide
IDN,2022,847.0,Homicide
IRN,2009,2215.0,Homicide
IRN,2013,2037.0,Homicide
IRN,2014,1936.0,Homicide
IRQ,1990,1168.0,Homicide
IRQ,1991,1171.0,Homicide
IRQ,1992,1397.0,Homicide
IRQ,1993,1118.0,Homicide
IRQ,1994,1267.0,Homicide
IRQ,2008,4596.0,Homicide
IRQ,2009,2554.0,Homicide
IRQ,2010,2691.0,Homicide
IRQ,2011,2634.0,Homicide
IRQ,2012,2697.0,Homicide
IRQ,2013,3339.0,Homicide
IRL,1990,17.0,Homicide
IRL,1991,23.0,Homicide
IRL,1992,25.0,Homicide
IRL,1993,23.0,Homicide
IRL,1994,25.0,Homicide
IRL,1995,43.0,Homicide
IRL,1996,42.0,Homicide
IRL,1997,38.0,Homicide
IRL,1998,38.0,Homicide
IRL,1999,38.0,Homicide
IRL,2000,37.0,Homicide
IRL,2001,52.0,Homicide
IRL,2002,52.0,Homicide
IRL,2003,37.0,Homicide
IRL,2004,30.0,Homicide
IRL,2005,52.0,Homicide
IRL,2006,62.0,Homicide
IRL,2007,78.0,Homicide
IRL,2008,51.0,Homicide
IRL,2009,53.0,Homicide
IRL,2010,54.0,Homicide
IRL,2011,42.0,Homicide
IRL,2012,51.0,Homicide
IRL,2013,47.0,Homicide
IRL,2014,47.0,Homicide
IRL,2015,27.0,Homicide
IRL,2016,33.0,Homicide
IRL,2017,38.0,Homicide
IRL,2018,38.0,Homicide
IRL,2019,32.0,Homicide
IRL,2020,31.0,Homicide
IRL,2021,22.0,Homicide
IRL,2022,44.0,Homicide
IRL,2023,34.0,Homicide
ISR,1990,147.0,Homicide
ISR,1991,112.0,Homicide
ISR,1992,149.0,Homicide
ISR,1993,141.0,Homicide
ISR,1994,140.0,Homicide
ISR,1995,112.0,Homicide
ISR,1996,117.0,Homicide
ISR,1997,156.0,Homicide
ISR,1998,147.0,Homicide
ISR,1999,137.0,Homicide
ISR,2000,154.0,Homicide
ISR,2001,193.0,Homicide
ISR,2002,208.0,Homicide
ISR,2003,171.0,Homicide
ISR,2004,159.0,Homicide
ISR,2005,169.0,Homicide
ISR,2006,153.0,Homicide
ISR,2007,135.0,Homicide
ISR,2008,120.0,Homicide
ISR,2009,144.0,Homicide
ISR,2010,150.0,Homicide
ISR,2011,147.0,Homicide
ISR,2012,128.0,Homicide
ISR,2013,131.0,Homicide
ISR,2014,129.0,Homicide
ISR,2015,120.0,Homicide
ISR,2016,110.0,Homicide
ISR,2017,136.0,Homicide
ISR,2018,124.0,Homicide
ISR,2019,142.0,Homicide
ISR,2020,147.0,Homicide
ISR,2021,173.0,Homicide
ISR,2022,148.0,Homicide
ITA,1990,1794.0,Homicide
ITA,1991,1938.0,Homicide
ITA,1992,1476.0,Homicide
ITA,1993,1071.0,Homicide
ITA,1994,969.0,Homicide
ITA,1995,1012.0,Homicide
ITA,1996,953.0,Homicide
ITA,1997,873.0,Homicide
ITA,1998,889.0,Homicide
ITA,1999,819.0,Homicide
ITA,2000,766.0,Homicide
ITA,2001,709.0,Homicide
ITA,2002,644.0,Homicide
ITA,2005,610.0,Homicide
ITA,2006,625.0,Homicide
ITA,2007,631.0,Homicide
ITA,2008,615.0,Homicide
ITA,2009,590.0,Homicide
ITA,2010,529.0,Homicide
ITA,2011,552.0,Homicide
ITA,2012,530.0,Homicide
ITA,2013,502.0,Homicide
ITA,2014,475.0,Homicide
ITA,2015,469.0,Homicide
ITA,2016,404.0,Homicide
ITA,2017,376.0,Homicide
ITA,2018,359.0,Homicide
ITA,2019,317.0,Homicide
ITA,2020,285.0,Homicide
ITA,2021,303.0,Homicide
ITA,2022,322.0,Homicide
ITA,2023,338.0,Homicide
JAM,1990,544.0,Homicide
JAM,1991,566.0,Homicide
JAM,1992,632.0,Homicide
JAM,1993,657.0,Homicide
JAM,1994,692.0,Homicide
JAM,1995,780.0,Homicide
JAM,1996,925.0,Homicide
JAM,1997,1038.0,Homicide
JAM,1998,859.0,Homicide
JAM,1999,854.0,Homicide
JAM,2000,887.0,Homicide
JAM,2001,1139.0,Homicide
JAM,2002,1045.0,Homicide
JAM,2003,975.0,Homicide
JAM,2004,1471.0,Homicide
JAM,2005,1674.0,Homicide
JAM,2006,1340.0,Homicide
JAM,2007,1584.0,Homicide
JAM,2008,1619.0,Homicide
JAM,2009,1683.0,Homicide
JAM,2010,1447.0,Homicide
JAM,2011,1133.0,Homicide
JAM,2012,1102.0,Homicide
JAM,2013,1202.0,Homicide
JAM,2014,1005.0,Homicide
JAM,2015,1209.0,Homicide
JAM,2016,1354.0,Homicide
JAM,2017,1647.0,Homicide
JAM,2018,1289.0,Homicide
JAM,2019,1340.0,Homicide
JAM,2020,1333.0,Homicide
JAM,2021,1474.0,Homicide
JAM,2022,1508.0,Homicide
JAM,2023,1400.0,Homicide
JPN,1990,676.0,Homicide
JPN,1991,639.0,Homicide
JPN,1992,673.0,Homicide
JPN,1993,715.0,Homicide
JPN,1994,751.0,Homicide
JPN,1995,724.0,Homicide
JPN,1996,652.0,Homicide
JPN,1997,710.0,Homicide
JPN,1998,775.0,Homicide
JPN,1999,736.0,Homicide
JPN,2000,678.0,Homicide
JPN,2001,697.0,Homicide
JPN,2002,662.0,Homicide
JPN,2003,697.0,Homicide
JPN,2004,699.0,Homicide
JPN,2005,643.0,Homicide
JPN,2006,619.0,Homicide
JPN,2007,574.0,Homicide
JPN,2008,654.0,Homicide
JPN,2009,506.0,Homicide
JPN,2010,465.0,Homicide
JPN,2011,442.0,Homicide
JPN,2012,429.0,Homicide
JPN,2013,370.0,Homicide
JPN,2014,395.0,Homicide
JPN,2015,363.0,Homicide
JPN,2016,362.0,Homicide
JPN,2017,306.0,Homicide
JPN,2018,334.0,Homicide
JPN,2019,319.0,Homicide
JPN,2020,318.0,Homicide
JPN,2021,285.0,Homicide
JPN,2022,289.0,Homicide
JPN,2023,285.0,Homicide
JOR,1990,120.0,Homicide
JOR,1991,121.0,Homicide
JOR,1992,141.0,Homicide
JOR,1993,165.0,Homicide
JOR,1994,197.0,Homicide
JOR,1995,35.0,Homicide
JOR,1996,45.0,Homicide
JOR,1997,42.0,Homicide
JOR,2007,112.0,Homicide
JOR,2008,120.0,Homicide
JOR,2009,102.0,Homicide
JOR,2010,128.0,Homicide
JOR,2011,142.0,Homicide
JOR,2012,168.0,Homicide
JOR,2013,164.0,Homicide
JOR,2014,183.0,Homicide
JOR,2015,169.0,Homicide
JOR,2016,148.0,Homicide
JOR,2017,133.0,Homicide
JOR,2018,94.0,Homicide
JOR,2019,122.0,Homicide
JOR,2020,108.0,Homicide
JOR,2021,114.0,Homicide
JOR,2022,126.0,Homicide
JOR,2023,113.0,Homicide
KAZ,1990,1475.0,Homicide
KAZ,1991,1512.0,Homicide
KAZ,1992,1880.0,Homicide
KAZ,1993,2586.0,Homicide
KAZ,1994,2549.0,Homicide
KAZ,1995,2447.0,Homicide
KAZ,1996,2625.0,Homicide
KAZ,1997,2581.0,Homicide
KAZ,1998,2531.0,Homicide
KAZ,1999,2374.0,Homicide
KAZ,2000,2325.0,Homicide
KAZ,2001,2160.0,Homicide
KAZ,2002,1967.0,Homicide
KAZ,2003,1991.0,Homicide
KAZ,2004,2091.0,Homicide
KAZ,2008,1807.0,Homicide
KAZ,2009,1771.0,Homicide
KAZ,2010,1387.0,Homicide
KAZ,2011,1420.0,Homicide
KAZ,2012,1266.0,Homicide
KAZ,2013,1120.0,Homicide
KAZ,2014,904.0,Homicide
KAZ,2015,853.0,Homicide
KAZ,2017,915.0,Homicide
KAZ,2020,606.0,Homicide
KAZ,2021,562.0,Homicide
KAZ,2022,511.0,Homicide
KEN,2004,1199.7,Homicide
KEN,2005,1083.6,Homicide
KEN,2006,1105.96,Homicide
KEN,2007,1101.66,Homicide
KEN,2008,1215.18,Homicide
KEN,2009,1907.48,Homicide
KEN,2010,1926.0,Homicide
KEN,2011,2271.0,Homicide
KEN,2012,2374.0,Homicide
KEN,2014,2305.0,Homicide
KEN,2015,2261.0,Homicide
KEN,2016,2363.0,Homicide
KEN,2017,2466.0,Homicide
KEN,2018,1569.0,Homicide
KEN,2019,1576.0,Homicide
KEN,2020,1859.0,Homicide
KEN,2021,2796.0,Homicide
KEN,2022,2643.0,Homicide
KIR,1991,0.0,Homicide
KIR,1992,0.0,Homicide
KIR,1993,0.0,Homicide
KIR,1994,0.0,Homicide
KIR,1995,0.0,Homicide
KIR,1996,1.0,Homicide
KIR,1997,0.0,Homicide
KIR,1998,0.0,Homicide
KIR,1999,0.0,Homicide
KIR,2000,3.0,Homicide
KIR,2001,4.0,Homicide
KIR,2008,7.0,Homicide
KIR,2009,1.0,Homicide
KIR,2010,4.0,Homicide
KIR,2011,11.0,Homicide
KIR,2012,8.0,Homicide
OWID_KOS,2008,113.0,Homicide
OWID_KOS,2009,73.0,Homicide
OWID_KOS,2010,106.0,Homicide
OWID_KOS,2011,62.0,Homicide
OWID_KOS,2012,90.0,Homicide
OWID_KOS,2013,41.0,Homicide
OWID_KOS,2014,55.0,Homicide
OWID_KOS,2015,42.0,Homicide
OWID_KOS,2016,38.0,Homicide
OWID_KOS,2017,48.0,Homicide
OWID_KOS,2018,44.0,Homicide
OWID_KOS,2019,24.0,Homicide
OWID_KOS,2020,37.0,Homicide
OWID_KOS,2021,33.0,Homicide
KWT,1996,16.0,Homicide
KWT,2001,39.0,Homicide
KWT,2002,23.0,Homicide
KWT,2003,29.0,Homicide
KWT,2004,43.0,Homicide
KWT,2005,41.0,Homicide
KWT,2006,45.0,Homicide
KWT,2007,59.0,Homicide
KWT,2008,38.0,Homicide
KWT,2009,49.0,Homicide
KWT,2010,60.0,Homicide
KWT,2011,59.0,Homicide
KWT,2012,61.0,Homicide
KWT,2017,46.0,Homicide
KWT,2018,37.0,Homicide
KWT,2019,16.0,Homicide
KWT,2020,11.0,Homicide
LVA,1992,259.0,Homicide
LVA,1993,387.0,Homicide
LVA,1994,348.0,Homicide
LVA,1995,288.0,Homicide
LVA,1996,268.0,Homicide
LVA,1997,272.0,Homicide
LVA,1998,250.0,Homicide
LVA,1999,229.0,Homicide
LVA,2000,238.0,Homicide
LVA,2001,219.0,Homicide
LVA,2002,214.0,Homicide
LVA,2012,70.0,Homicide
LVA,2013,50.0,Homicide
LVA,2014,64.0,Homicide
LVA,2015,67.0,Homicide
LVA,2016,69.0,Homicide
LVA,2017,81.0,Homicide
LVA,2018,84.0,Homicide
LVA,2019,65.0,Homicide
LVA,2020,70.0,Homicide
LVA,2021,57.0,Homicide
LVA,2022,67.0,Homicide
LVA,2023,47.0,Homicide
LBN,2008,183.0,Homicide
LBN,2009,145.0,Homicide
LBN,2010,163.0,Homicide
LBN,2011,168.0,Homicide
LBN,2012,194.0,Homicide
LBN,2013,236.0,Homicide
LBN,2014,240.0,Homicide
LBN,2015,231.0,Homicide
LBN,2016,235.0,Homicide
LBN,2017,246.0,Homicide
LBN,2018,172.0,Homicide
LBN,2019,182.0,Homicide
LBN,2020,128.0,Homicide
LSO,1990,519.0,Homicide
LSO,1991,549.0,Homicide
LSO,1992,640.0,Homicide
LSO,1993,665.0,Homicide
LSO,1994,833.0,Homicide
LSO,2007,895.0,Homicide
LSO,2008,752.0,Homicide
LBR,2007,100.0,Homicide
LBR,2008,177.0,Homicide
LBR,2009,145.0,Homicide
LBR,2010,129.0,Homicide
LBR,2011,161.0,Homicide
LBR,2012,135.0,Homicide
LTU,1990,180.0,Homicide
LTU,1991,214.0,Homicide
LTU,1992,266.0,Homicide
LTU,1993,416.0,Homicide
LTU,1994,465.0,Homicide
LTU,1995,502.0,Homicide
LTU,1996,405.0,Homicide
LTU,1997,391.0,Homicide
LTU,1998,311.0,Homicide
LTU,1999,309.0,Homicide
LTU,2000,370.0,Homicide
LTU,2001,353.0,Homicide
LTU,2002,293.0,Homicide
LTU,2004,343.0,Homicide
LTU,2005,372.0,Homicide
LTU,2006,288.0,Homicide
LTU,2007,277.0,Homicide
LTU,2008,298.0,Homicide
LTU,2009,252.0,Homicide
LTU,2010,219.0,Homicide
LTU,2011,211.0,Homicide
LTU,2012,202.0,Homicide
LTU,2013,198.0,Homicide
LTU,2014,159.0,Homicide
LTU,2015,172.0,Homicide
LTU,2016,153.0,Homicide
LTU,2017,100.0,Homicide
LTU,2018,92.0,Homicide
LTU,2019,94.0,Homicide
LTU,2020,101.0,Homicide
LTU,2021,72.0,Homicide
LTU,2022,67.0,Homicide
LTU,2023,75.0,Homicide
LUX,1994,6.0,Homicide
LUX,1995,2.0,Homicide
LUX,1996,4.0,Homicide
LUX,1997,4.0,Homicide
LUX,1998,4.0,Homicide
LUX,1999,6.0,Homicide
LUX,2000,4.0,Homicide
LUX,2001,9.0,Homicide
LUX,2002,6.0,Homicide
LUX,2003,3.0,Homicide
LUX,2004,2.0,Homicide
LUX,2005,4.0,Homicide
LUX,2006,7.0,Homicide
LUX,2007,7.0,Homicide
LUX,2008,8.0,Homicide
LUX,2009,5.0,Homicide
LUX,2010,10.0,Homicide
LUX,2011,4.0,Homicide
LUX,2012,0.0,Homicide
LUX,2013,1.0,Homicide
LUX,2014,4.0,Homicide
LUX,2015,5.0,Homicide
LUX,2016,5.0,Homicide
LUX,2017,2.0,Homicide
LUX,2018,3.0,Homicide
LUX,2019,4.0,Homicide
LUX,2020,3.0,Homicide
LUX,2021,4.0,Homicide
LUX,2022,10.0,Homicide
MAC,1991,12.0,Homicide
MAC,1992,3.0,Homicide
MAC,1993,12.0,Homicide
MAC,1994,13.0,Homicide
MAC,1995,8.0,Homicide
MAC,1996,17.0,Homicide
MAC,1997,30.0,Homicide
MAC,1998,24.0,Homicide
MAC,1999,37.0,Homicide
MAC,2000,10.0,Homicide
MAC,2001,8.0,Homicide
MAC,2002,2.0,Homicide
MAC,2003,8.0,Homicide
MAC,2004,4.0,Homicide
MAC,2005,4.0,Homicide
MAC,2006,10.0,Homicide
MAC,2007,6.0,Homicide
MAC,2008,4.0,Homicide
MAC,2009,5.0,Homicide
MAC,2010,2.0,Homicide
MAC,2011,4.0,Homicide
MAC,2012,4.0,Homicide
MAC,2013,1.0,Homicide
MAC,2014,1.0,Homicide
MAC,2015,1.0,Homicide
MAC,2016,1.0,Homicide
MAC,2017,2.0,Homicide
MAC,2018,2.0,Homicide
MAC,2019,2.0,Homicide
MAC,2020,2.0,Homicide
MAC,2021,3.0,Homicide
MAC,2022,2.0,Homicide
MAC,2023,4.0,Homicide
MWI,2000,700.0,Homicide
MWI,2001,900.0,Homicide
MWI,2002,567.0,Homicide
MWI,2003,300.0,Homicide
MWI,2004,411.0,Homicide
MWI,2005,200.0,Homicide
MWI,2006,821.0,Homicide
MWI,2007,690.0,Homicide
MWI,2008,780.0,Homicide
MWI,2009,320.0,Homicide
MWI,2010,520.0,Homicide
MWI,2011,343.0,Homicide
MWI,2012,279.0,Homicide
MYS,1990,313.0,Homicide
MYS,1991,384.0,Homicide
MYS,1992,366.0,Homicide
MYS,1993,360.0,Homicide
MYS,1994,336.0,Homicide
MYS,1995,396.0,Homicide
MYS,1996,447.0,Homicide
MYS,1997,540.0,Homicide
MYS,1998,629.0,Homicide
MYS,1999,588.0,Homicide
MYS,2000,551.0,Homicide
MYS,2001,517.0,Homicide
MYS,2002,565.0,Homicide
MYS,2003,565.0,Homicide
MYS,2004,497.0,Homicide
MYS,2005,604.0,Homicide
MYS,2006,588.0,Homicide
MYS,2007,652.0,Homicide
MYS,2008,597.0,Homicide
MYS,2009,561.0,Homicide
MYS,2010,540.0,Homicide
MYS,2011,530.0,Homicide
MYS,2012,602.0,Homicide
MYS,2013,627.0,Homicide
MYS,2014,510.0,Homicide
MYS,2015,498.0,Homicide
MYS,2016,456.0,Homicide
MYS,2017,379.0,Homicide
MYS,2018,323.0,Homicide
MYS,2019,310.0,Homicide
MYS,2020,253.0,Homicide
MYS,2021,243.0,Homicide
MYS,2022,240.0,Homicide
MYS,2023,258.0,Homicide
MDV,1990,1.0,Homicide
MDV,1995,2.0,Homicide
MDV,1997,6.0,Homicide
MDV,2001,7.0,Homicide
MDV,2002,8.0,Homicide
MDV,2007,3.0,Homicide
MDV,2008,5.0,Homicide
MDV,2009,6.0,Homicide
MDV,2010,6.0,Homicide
MDV,2011,3.0,Homicide
MDV,2012,10.0,Homicide
MDV,2013,3.0,Homicide
MDV,2015,4.0,Homicide
MDV,2019,3.0,Homicide
MLT,1990,4.0,Homicide
MLT,1991,3.0,Homicide
MLT,1992,6.0,Homicide
MLT,1993,7.0,Homicide
MLT,1994,3.0,Homicide
MLT,1998,5.0,Homicide
MLT,1999,10.0,Homicide
MLT,2000,4.0,Homicide
MLT,2001,6.0,Homicide
MLT,2002,6.0,Homicide
MLT,2004,7.0,Homicide
MLT,2005,4.0,Homicide
MLT,2006,0.0,Homicide
MLT,2007,4.0,Homicide
MLT,2008,6.0,Homicide
MLT,2009,4.0,Homicide
MLT,2010,4.0,Homicide
MLT,2011,3.0,Homicide
MLT,2012,12.0,Homicide
MLT,2013,7.0,Homicide
MLT,2014,6.0,Homicide
MLT,2015,4.0,Homicide
MLT,2016,5.0,Homicide
MLT,2017,9.0,Homicide
MLT,2018,8.0,Homicide
MLT,2019,5.0,Homicide
MLT,2020,7.0,Homicide
MLT,2021,2.0,Homicide
MLT,2022,8.0,Homicide
MLT,2023,3.0,Homicide
MHL,1991,5.0,Homicide
MHL,1992,2.0,Homicide
MHL,1994,2.0,Homicide
MRT,2018,53.0,Homicide
MRT,2019,48.0,Homicide
MRT,2020,46.0,Homicide
MUS,1990,20.0,Homicide
MUS,1991,29.0,Homicide
MUS,1992,31.0,Homicide
MUS,1993,21.0,Homicide
MUS,1994,27.0,Homicide
MUS,1995,25.0,Homicide
MUS,1996,34.0,Homicide
MUS,1997,24.0,Homicide
MUS,1998,31.0,Homicide
MUS,1999,23.0,Homicide
MUS,2000,26.0,Homicide
MUS,2009,38.0,Homicide
MUS,2010,33.0,Homicide
MUS,2011,32.0,Homicide
MUS,2012,28.0,Homicide
MUS,2013,35.0,Homicide
MUS,2014,19.0,Homicide
MUS,2015,21.0,Homicide
MUS,2016,21.0,Homicide
MUS,2017,33.0,Homicide
MUS,2018,37.0,Homicide
MUS,2019,27.0,Homicide
MUS,2020,35.0,Homicide
MUS,2021,34.0,Homicide
MUS,2022,29.0,Homicide
MEX,1990,14493.0,Homicide
MEX,1991,15128.0,Homicide
MEX,1992,16594.0,Homicide
MEX,1993,16040.0,Homicide
MEX,1994,15839.0,Homicide
MEX,1995,15612.0,Homicide
MEX,1996,14505.0,Homicide
MEX,1997,13552.0,Homicide
MEX,1998,13656.0,Homicide
MEX,1999,12249.0,Homicide
MEX,2000,10737.0,Homicide
MEX,2001,10285.0,Homicide
MEX,2002,10088.0,Homicide
MEX,2003,10087.0,Homicide
MEX,2004,9329.0,Homicide
MEX,2005,9921.0,Homicide
MEX,2006,10452.0,Homicide
MEX,2007,8867.0,Homicide
MEX,2008,14006.0,Homicide
MEX,2009,19803.0,Homicide
MEX,2010,25757.0,Homicide
MEX,2011,27213.0,Homicide
MEX,2012,25967.0,Homicide
MEX,2013,23063.0,Homicide
MEX,2014,20010.0,Homicide
MEX,2015,20762.0,Homicide
MEX,2016,24559.0,Homicide
MEX,2017,32079.0,Homicide
MEX,2018,36685.0,Homicide
MEX,2019,36661.0,Homicide
MEX,2020,36773.0,Homicide
MEX,2021,35700.0,Homicide
MEX,2022,33287.0,Homicide
MEX,2023,32252.0,Homicide
FSM,2019,1.0,Homicide
MDA,1990,290.0,Homicide
MDA,1991,290.0,Homicide
MDA,1992,499.0,Homicide
MDA,1993,387.0,Homicide
MDA,1994,401.0,Homicide
MDA,1995,402.0,Homicide
MDA,1996,400.0,Homicide
MDA,1997,414.0,Homicide
MDA,1998,375.0,Homicide
MDA,1999,391.0,Homicide
MDA,2000,433.0,Homicide
MDA,2001,411.0,Homicide
MDA,2002,401.0,Homicide
MDA,2003,319.0,Homicide
MDA,2004,277.0,Homicide
MDA,2005,296.0,Homicide
MDA,2006,262.0,Homicide
MDA,2007,217.0,Homicide
MDA,2008,236.0,Homicide
MDA,2009,246.0,Homicide
MDA,2010,265.0,Homicide
MDA,2011,216.0,Homicide
MDA,2012,229.0,Homicide
MDA,2013,229.0,Homicide
MDA,2014,161.0,Homicide
MDA,2015,189.0,Homicide
MDA,2016,200.0,Homicide
MDA,2017,141.0,Homicide
MDA,2018,166.0,Homicide
MDA,2019,121.0,Homicide
MDA,2020,93.0,Homicide
MDA,2021,66.0,Homicide
MDA,2022,75.0,Homicide
MDA,2023,78.0,Homicide
MNG,2003,343.0,Homicide
MNG,2004,333.0,Homicide
MNG,2005,398.0,Homicide
MNG,2006,336.0,Homicide
MNG,2007,295.0,Homicide
MNG,2008,212.0,Homicide
MNG,2009,219.0,Homicide
MNG,2010,239.0,Homicide
MNG,2011,266.0,Homicide
MNG,2012,199.0,Homicide
MNG,2013,208.0,Homicide
MNG,2014,213.0,Homicide
MNG,2015,214.0,Homicide
MNG,2016,184.0,Homicide
MNG,2017,191.0,Homicide
MNG,2018,196.0,Homicide
MNG,2019,205.0,Homicide
MNG,2020,205.0,Homicide
MNG,2021,206.0,Homicide
MNG,2022,202.0,Homicide
MNG,2023,203.0,Homicide
MNG,2024,196.0,Homicide
MNE,2002,27.0,Homicide
MNE,2007,12.0,Homicide
MNE,2008,24.0,Homicide
MNE,2009,21.0,Homicide
MNE,2010,15.0,Homicide
MNE,2011,21.0,Homicide
MNE,2012,17.0,Homicide
MNE,2013,10.0,Homicide
MNE,2014,20.0,Homicide
MNE,2015,17.0,Homicide
MNE,2016,28.0,Homicide
MNE,2017,15.0,Homicide
MNE,2018,14.0,Homicide
MNE,2019,23.0,Homicide
MNE,2020,18.0,Homicide
MNE,2021,15.0,Homicide
MNE,2022,16.0,Homicide
MNE,2023,5.0,Homicide
MAR,1990,89.0,Homicide
MAR,1991,124.0,Homicide
MAR,1992,132.0,Homicide
MAR,1993,148.0,Homicide
MAR,1994,184.0,Homicide
MAR,1997,732.0,Homicide
MAR,1998,556.0,Homicide
MAR,1999,540.0,Homicide
MAR,2000,461.0,Homicide
MAR,2001,543.0,Homicide
MAR,2002,462.0,Homicide
MAR,2003,510.0,Homicide
MAR,2004,470.0,Homicide
MAR,2005,469.0,Homicide
MAR,2006,498.0,Homicide
MAR,2007,517.0,Homicide
MAR,2008,426.0,Homicide
MAR,2009,432.0,Homicide
MAR,2010,451.0,Homicide
MAR,2011,441.0,Homicide
MAR,2012,383.0,Homicide
MAR,2013,429.0,Homicide
MAR,2014,355.0,Homicide
MAR,2015,431.0,Homicide
MAR,2016,594.0,Homicide
MAR,2017,761.0,Homicide
MAR,2018,510.0,Homicide
MAR,2019,1004.0,Homicide
MAR,2020,1073.0,Homicide
MAR,2021,716.0,Homicide
MAR,2022,618.0,Homicide
MAR,2023,643.0,Homicide
MAR,2024,635.0,Homicide
MOZ,2001,1100.0,Homicide
MOZ,2002,1040.0,Homicide
MOZ,2003,1044.0,Homicide
MOZ,2004,1130.0,Homicide
MOZ,2005,1089.0,Homicide
MOZ,2006,894.0,Homicide
MOZ,2007,849.0,Homicide
MOZ,2008,995.0,Homicide
MOZ,2009,823.0,Homicide
MOZ,2010,875.0,Homicide
MOZ,2011,849.0,Homicide
MMR,1990,2046.0,Homicide
MMR,1995,1613.0,Homicide
MMR,2000,1041.0,Homicide
MMR,2001,916.0,Homicide
MMR,2002,814.0,Homicide
MMR,2003,764.0,Homicide
MMR,2004,743.0,Homicide
MMR,2005,676.0,Homicide
MMR,2006,777.0,Homicide
MMR,2007,749.0,Homicide
MMR,2008,791.0,Homicide
MMR,2009,879.0,Homicide
MMR,2010,801.0,Homicide
MMR,2011,1055.0,Homicide
MMR,2012,1436.0,Homicide
MMR,2013,1238.0,Homicide
MMR,2014,1230.0,Homicide
MMR,2015,1302.0,Homicide
MMR,2016,1339.0,Homicide
MMR,2017,1392.0,Homicide
MMR,2018,1452.0,Homicide
MMR,2019,1519.0,Homicide
MMR,2020,1571.0,Homicide
MMR,2021,15299.0,Homicide
MMR,2022,2098.0,Homicide
MMR,2023,1394.0,Homicide
NAM,1995,373.0,Homicide
NAM,1996,353.0,Homicide
NAM,1997,327.0,Homicide
NAM,1998,407.0,Homicide
NAM,1999,379.0,Homicide
NAM,2000,380.0,Homicide
NAM,2001,353.0,Homicide
NAM,2002,346.0,Homicide
NAM,2004,352.0,Homicide
NAM,2008,354.0,Homicide
NAM,2009,388.0,Homicide
NAM,2010,314.0,Homicide
NAM,2011,308.0,Homicide
NAM,2012,388.0,Homicide
NAM,2018,476.0,Homicide
NAM,2019,319.0,Homicide
NAM,2020,303.0,Homicide
NAM,2021,315.0,Homicide
NPL,1990,354.0,Homicide
NPL,1997,575.0,Homicide
NPL,1998,650.0,Homicide
NPL,1999,630.0,Homicide
NPL,2000,635.0,Homicide
NPL,2001,848.0,Homicide
NPL,2002,858.0,Homicide
NPL,2003,757.0,Homicide
NPL,2004,936.0,Homicide
NPL,2005,878.0,Homicide
NPL,2006,610.0,Homicide
NPL,2007,841.0,Homicide
NPL,2008,892.0,Homicide
NPL,2009,806.0,Homicide
NPL,2010,813.0,Homicide
NPL,2011,679.0,Homicide
NPL,2012,642.0,Homicide
NPL,2013,606.0,Homicide
NPL,2014,558.0,Homicide
NPL,2015,598.0,Homicide
NPL,2016,617.0,Homicide
NPL,2017,630.0,Homicide
NPL,2018,659.0,Homicide
NPL,2019,555.0,Homicide
NPL,2020,617.0,Homicide
NLD,1990,135.0,Homicide
NLD,1991,177.0,Homicide
NLD,1992,193.0,Homicide
NLD,1993,192.0,Homicide
NLD,1994,171.0,Homicide
NLD,1995,193.0,Homicide
NLD,1996,211.0,Homicide
NLD,1997,208.0,Homicide
NLD,1998,176.0,Homicide
NLD,1999,203.0,Homicide
NLD,2000,180.0,Homicide
NLD,2001,202.0,Homicide
NLD,2002,195.0,Homicide
NLD,2003,202.0,Homicide
NLD,2004,191.0,Homicide
NLD,2005,174.0,Homicide
NLD,2006,128.0,Homicide
NLD,2007,143.0,Homicide
NLD,2008,150.0,Homicide
NLD,2009,154.0,Homicide
NLD,2010,144.0,Homicide
NLD,2011,143.0,Homicide
NLD,2012,145.0,Homicide
NLD,2013,125.0,Homicide
NLD,2014,123.0,Homicide
NLD,2015,104.0,Homicide
NLD,2016,94.0,Homicide
NLD,2017,132.0,Homicide
NLD,2018,100.0,Homicide
NLD,2019,125.0,Homicide
NLD,2020,121.0,Homicide
NLD,2021,126.0,Homicide
NLD,2022,143.0,Homicide
NLD,2023,125.0,Homicide
NZL,1990,63.348064,Homicide
NZL,1991,53.60221,Homicide
NZL,1992,66.59669,Homicide
NZL,1993,41.41989,Homicide
NZL,1994,56.85083,Homicide
NZL,1995,39.0,Homicide
NZL,1996,48.0,Homicide
NZL,1997,60.0,Homicide
NZL,1998,49.0,Homicide
NZL,1999,45.0,Homicide
NZL,2000,52.0,Homicide
NZL,2001,51.0,Homicide
NZL,2002,60.0,Homicide
NZL,2003,44.0,Homicide
NZL,2004,45.0,Homicide
NZL,2005,61.0,Homicide
NZL,2006,49.0,Homicide
NZL,2007,48.0,Homicide
NZL,2008,51.0,Homicide
NZL,2009,67.0,Homicide
NZL,2010,43.0,Homicide
NZL,2011,39.0,Homicide
NZL,2012,41.0,Homicide
NZL,2013,46.0,Homicide
NZL,2014,43.0,Homicide
NZL,2015,48.0,Homicide
NZL,2016,50.0,Homicide
NZL,2017,35.0,Homicide
NZL,2018,55.0,Homicide
NZL,2019,114.0,Homicide
NZL,2020,52.0,Homicide
NZL,2021,59.0,Homicide
NZL,2022,75.0,Homicide
NIC,1990,672.0,Homicide
NIC,1991,732.0,Homicide
NIC,1992,826.0,Homicide
NIC,1993,762.0,Homicide
NIC,1994,725.0,Homicide
NIC,1995,707.0,Homicide
NIC,1996,662.0,Homicide
NIC,1997,679.0,Homicide
NIC,1998,639.0,Homicide
NIC,1999,561.0,Homicide
NIC,2000,476.0,Homicide
NIC,2001,537.0,Homicide
NIC,2002,554.0,Homicide
NIC,2003,635.0,Homicide
NIC,2004,646.0,Homicide
NIC,2005,729.0,Homicide
NIC,2006,722.0,Homicide
NIC,2007,714.0,Homicide
NIC,2008,736.0,Homicide
NIC,2009,802.0,Homicide
NIC,2010,785.0,Homicide
NIC,2011,738.0,Homicide
NIC,2012,673.0,Homicide
NIC,2013,594.0,Homicide
NIC,2014,525.0,Homicide
NIC,2015,524.0,Homicide
NIC,2016,453.0,Homicide
NIC,2017,431.0,Homicide
NIC,2018,682.0,Homicide
NIC,2019,515.0,Homicide
NIC,2021,754.0,Homicide
NER,2011,831.0,Homicide
NER,2012,788.0,Homicide
NGA,2016,63400.0,Homicide
NGA,2019,44200.0,Homicide
NGA,2023,35884.0,Homicide
MKD,1998,48.0,Homicide
MKD,1999,38.0,Homicide
MKD,2000,47.0,Homicide
MKD,2001,55.0,Homicide
MKD,2002,60.0,Homicide
MKD,2003,70.0,Homicide
MKD,2004,49.0,Homicide
MKD,2006,46.0,Homicide
MKD,2007,42.0,Homicide
MKD,2008,35.0,Homicide
MKD,2009,35.0,Homicide
MKD,2010,43.0,Homicide
MKD,2011,30.0,Homicide
MKD,2012,29.0,Homicide
MKD,2013,22.0,Homicide
MKD,2014,35.0,Homicide
MKD,2015,25.0,Homicide
MKD,2016,19.0,Homicide
MKD,2017,31.0,Homicide
MKD,2018,25.0,Homicide
MKD,2019,23.0,Homicide
MKD,2020,11.0,Homicide
MKD,2021,14.0,Homicide
MKD,2022,18.0,Homicide
MKD,2023,28.0,Homicide
NOR,1990,47.0,Homicide
NOR,1991,50.0,Homicide
NOR,1992,46.0,Homicide
NOR,1993,38.0,Homicide
NOR,1994,33.0,Homicide
NOR,1995,42.0,Homicide
NOR,1996,43.0,Homicide
NOR,1997,38.0,Homicide
NOR,1998,38.0,Homicide
NOR,1999,33.0,Homicide
NOR,2000,48.0,Homicide
NOR,2001,37.0,Homicide
NOR,2002,46.0,Homicide
NOR,2004,36.0,Homicide
NOR,2005,33.0,Homicide
NOR,2006,33.0,Homicide
NOR,2007,30.0,Homicide
NOR,2008,34.0,Homicide
NOR,2009,29.0,Homicide
NOR,2010,29.0,Homicide
NOR,2011,111.0,Homicide
NOR,2012,27.0,Homicide
NOR,2013,46.0,Homicide
NOR,2014,29.0,Homicide
NOR,2015,24.0,Homicide
NOR,2016,27.0,Homicide
NOR,2017,28.0,Homicide
NOR,2018,25.0,Homicide
NOR,2019,28.0,Homicide
NOR,2020,31.0,Homicide
NOR,2021,29.0,Homicide
NOR,2022,30.0,Homicide
NOR,2023,40.0,Homicide
OMN,2002,28.0,Homicide
OMN,2003,35.0,Homicide
OMN,2004,42.0,Homicide
OMN,2005,53.0,Homicide
OMN,2006,121.0,Homicide
OMN,2007,37.0,Homicide
OMN,2008,47.0,Homicide
OMN,2009,37.0,Homicide
OMN,2010,48.0,Homicide
OMN,2011,34.0,Homicide
OMN,2012,39.0,Homicide
OMN,2013,97.0,Homicide
OMN,2014,12.0,Homicide
OMN,2015,16.0,Homicide
OMN,2016,16.0,Homicide
OMN,2017,17.0,Homicide
OMN,2018,13.0,Homicide
OMN,2019,23.0,Homicide
OMN,2020,14.0,Homicide
OMN,2021,11.0,Homicide
OMN,2022,12.0,Homicide
OMN,2023,7.0,Homicide
PAK,1990,8209.0,Homicide
PAK,1996,9062.0,Homicide
PAK,1997,9304.0,Homicide
PAK,1998,10246.0,Homicide
PAK,1999,9332.0,Homicide
PAK,2000,8906.0,Homicide
PAK,2001,9593.0,Homicide
PAK,2002,9466.0,Homicide
PAK,2003,9346.0,Homicide
PAK,2004,9614.0,Homicide
PAK,2005,9782.0,Homicide
PAK,2006,10048.0,Homicide
PAK,2007,10556.0,Homicide
PAK,2008,12059.0,Homicide
PAK,2009,12491.0,Homicide
PAK,2010,13190.0,Homicide
PAK,2011,13860.0,Homicide
PAK,2012,13846.0,Homicide
PAK,2013,13937.0,Homicide
PAK,2014,13276.0,Homicide
PAK,2015,9486.0,Homicide
PAK,2016,8516.0,Homicide
PAK,2017,8235.0,Homicide
PAK,2018,8241.0,Homicide
PAK,2019,8014.0,Homicide
PAK,2020,8350.0,Homicide
PAK,2021,9068.0,Homicide
PAK,2022,9937.0,Homicide
PAK,2023,10729.0,Homicide
PLW,2015,3.0,Homicide
PLW,2016,0.0,Homicide
PLW,2017,0.0,Homicide
PLW,2018,2.0,Homicide
PSE,1995,31.0,Homicide
PSE,1996,120.0,Homicide
PSE,1997,45.0,Homicide
PSE,1998,45.0,Homicide
PSE,1999,54.0,Homicide
PSE,2000,42.0,Homicide
PSE,2001,56.0,Homicide
PSE,2002,85.0,Homicide
PSE,2004,96.0,Homicide
PSE,2005,83.0,Homicide
PSE,2008,47.0,Homicide
PSE,2009,44.0,Homicide
PSE,2010,39.0,Homicide
PSE,2011,30.0,Homicide
PSE,2012,24.0,Homicide
PSE,2013,24.0,Homicide
PSE,2014,24.0,Homicide
PSE,2015,30.0,Homicide
PSE,2016,19.0,Homicide
PSE,2017,24.0,Homicide
PSE,2018,17.0,Homicide
PSE,2019,16.0,Homicide
PSE,2020,18.0,Homicide
PSE,2021,34.0,Homicide
PSE,2022,33.0,Homicide
PAN,1990,278.0,Homicide
PAN,1991,294.0,Homicide
PAN,1992,311.0,Homicide
PAN,1993,308.0,Homicide
PAN,1994,323.0,Homicide
PAN,1995,377.0,Homicide
PAN,1996,248.0,Homicide
PAN,1997,315.0,Homicide
PAN,1998,281.0,Homicide
PAN,1999,285.0,Homicide
PAN,2000,299.0,Homicide
PAN,2001,306.0,Homicide
PAN,2002,376.0,Homicide
PAN,2003,337.0,Homicide
PAN,2004,308.0,Homicide
PAN,2005,364.0,Homicide
PAN,2006,221.0,Homicide
PAN,2007,279.0,Homicide
PAN,2008,493.0,Homicide
PAN,2009,562.0,Homicide
PAN,2010,460.0,Homicide
PAN,2011,549.0,Homicide
PAN,2012,637.0,Homicide
PAN,2013,663.0,Homicide
PAN,2014,604.0,Homicide
PAN,2015,471.0,Homicide
PAN,2016,405.0,Homicide
PAN,2017,378.0,Homicide
PAN,2018,401.0,Homicide
PAN,2019,480.0,Homicide
PAN,2020,500.0,Homicide
PAN,2021,550.0,Homicide
PAN,2022,499.0,Homicide
PAN,2023,556.0,Homicide
PNG,1998,502.0,Homicide
PNG,1999,450.0,Homicide
PNG,2000,465.0,Homicide
PNG,2001,436.0,Homicide
PNG,2002,470.0,Homicide
PNG,2003,609.0,Homicide
PNG,2005,603.0,Homicide
PNG,2006,610.0,Homicide
PNG,2007,520.0,Homicide
PNG,2008,603.0,Homicide
PNG,2009,697.0,Homicide
PNG,2010,713.0,Homicide
PRY,2000,995.0,Homicide
PRY,2001,1314.0,Homicide
PRY,2002,1372.0,Homicide
PRY,2003,1285.0,Homicide
PRY,2004,1209.0,Homicide
PRY,2005,887.0,Homicide
PRY,2006,742.0,Homicide
PRY,2007,783.0,Homicide
PRY,2008,833.0,Homicide
PRY,2009,821.0,Homicide
PRY,2010,741.0,Homicide
PRY,2011,657.0,Homicide
PRY,2012,649.0,Homicide
PRY,2013,604.0,Homicide
PRY,2014,578.0,Homicide
PRY,2015,617.0,Homicide
PRY,2016,669.0,Homicide
PRY,2017,541.0,Homicide
PRY,2018,497.0,Homicide
PRY,2019,554.0,Homicide
PRY,2020,481.0,Homicide
PRY,2021,525.0,Homicide
PRY,2022,472.0,Homicide
PRY,2023,464.0,Homicide
PER,2011,1617.0,Homicide
PER,2012,1968.0,Homicide
PER,2013,2013.0,Homicide
PER,2014,2076.0,Homicide
PER,2015,2247.0,Homicide
PER,2016,2435.0,Homicide
PER,2017,2487.0,Homicide
PER,2018,2452.0,Homicide
PER,2019,2385.0,Homicide
PER,2020,1903.0,Homicide
PER,2021,2853.0,Homicide
PHL,1990,9281.0,Homicide
PHL,1991,8707.0,Homicide
PHL,1992,8293.0,Homicide
PHL,1993,7758.0,Homicide
PHL,1994,6446.0,Homicide
PHL,1998,5913.0,Homicide
PHL,1999,5703.0,Homicide
PHL,2000,5735.0,Homicide
PHL,2001,5852.0,Homicide
PHL,2002,6553.0,Homicide
PHL,2007,5962.0,Homicide
PHL,2008,5820.0,Homicide
PHL,2009,9088.0,Homicide
PHL,2010,8645.0,Homicide
PHL,2011,8489.0,Homicide
PHL,2012,8484.0,Homicide
PHL,2016,11155.0,Homicide
PHL,2017,8268.0,Homicide
PHL,2018,5651.0,Homicide
PHL,2019,4764.0,Homicide
PHL,2023,4995.0,Homicide
POL,1990,679.0,Homicide
POL,1991,849.0,Homicide
POL,1992,857.0,Homicide
POL,1993,905.0,Homicide
POL,1994,917.0,Homicide
POL,1995,853.0,Homicide
POL,1996,873.0,Homicide
POL,1997,807.0,Homicide
POL,1998,759.0,Homicide
POL,1999,741.0,Homicide
POL,2000,855.0,Homicide
POL,2001,776.0,Homicide
POL,2002,716.0,Homicide
POL,2008,326.0,Homicide
POL,2009,387.0,Homicide
POL,2010,384.0,Homicide
POL,2011,422.0,Homicide
POL,2012,409.0,Homicide
POL,2013,305.0,Homicide
POL,2014,287.0,Homicide
POL,2015,298.0,Homicide
POL,2016,260.0,Homicide
POL,2017,287.0,Homicide
POL,2018,273.0,Homicide
POL,2019,253.0,Homicide
POL,2020,266.0,Homicide
POL,2021,273.0,Homicide
POL,2022,270.0,Homicide
POL,2023,311.0,Homicide
PRT,1990,154.86896,Homicide
PRT,1991,152.05316,Homicide
PRT,1992,142.66716,Homicide
PRT,1993,139.85136,Homicide
PRT,1994,143.0,Homicide
PRT,1995,109.0,Homicide
PRT,1996,106.0,Homicide
PRT,1997,114.0,Homicide
PRT,1998,125.0,Homicide
PRT,1999,109.0,Homicide
PRT,2000,116.0,Homicide
PRT,2001,105.0,Homicide
PRT,2002,119.0,Homicide
PRT,2005,135.0,Homicide
PRT,2010,124.0,Homicide
PRT,2011,114.0,Homicide
PRT,2012,122.0,Homicide
PRT,2013,144.0,Homicide
PRT,2014,92.0,Homicide
PRT,2015,100.0,Homicide
PRT,2016,66.0,Homicide
PRT,2017,76.0,Homicide
PRT,2018,81.0,Homicide
PRT,2019,73.0,Homicide
PRT,2020,81.0,Homicide
PRT,2021,82.0,Homicide
PRT,2022,75.0,Homicide
PRI,1990,600.0,Homicide
PRI,1991,817.0,Homicide
PRI,1992,864.0,Homicide
PRI,1993,954.0,Homicide
PRI,1994,995.0,Homicide
PRI,1995,864.0,Homicide
PRI,1996,868.0,Homicide
PRI,1997,724.0,Homicide
PRI,1998,652.0,Homicide
PRI,1999,593.0,Homicide
PRI,2000,734.0,Homicide
PRI,2001,802.0,Homicide
PRI,2002,820.0,Homicide
PRI,2003,818.0,Homicide
PRI,2004,843.0,Homicide
PRI,2005,825.0,Homicide
PRI,2006,783.0,Homicide
PRI,2007,774.0,Homicide
PRI,2008,874.0,Homicide
PRI,2009,956.0,Homicide
PRI,2010,1030.0,Homicide
PRI,2011,1179.0,Homicide
PRI,2012,1015.0,Homicide
PRI,2013,924.0,Homicide
PRI,2014,704.0,Homicide
PRI,2015,614.0,Homicide
PRI,2016,704.0,Homicide
PRI,2017,728.0,Homicide
PRI,2018,664.0,Homicide
PRI,2019,633.0,Homicide
PRI,2020,556.0,Homicide
PRI,2021,632.0,Homicide
PRI,2022,572.0,Homicide
PRI,2023,473.0,Homicide
PRI,2024,489.0,Homicide
QAT,1990,4.0,Homicide
QAT,1991,4.0,Homicide
QAT,1992,6.0,Homicide
QAT,1993,4.0,Homicide
QAT,1994,5.0,Homicide
QAT,1998,2.0,Homicide
QAT,1999,3.0,Homicide
QAT,2000,1.0,Homicide
QAT,2001,5.0,Homicide
QAT,2004,5.0,Homicide
QAT,2005,6.0,Homicide
QAT,2006,5.0,Homicide
QAT,2007,9.0,Homicide
QAT,2008,12.0,Homicide
QAT,2009,8.0,Homicide
QAT,2010,4.0,Homicide
QAT,2011,4.0,Homicide
QAT,2012,7.0,Homicide
QAT,2013,9.0,Homicide
QAT,2014,9.0,Homicide
QAT,2015,6.0,Homicide
QAT,2016,12.0,Homicide
QAT,2017,12.0,Homicide
QAT,2018,10.0,Homicide
QAT,2019,11.0,Homicide
QAT,2020,12.0,Homicide
QAT,2021,9.0,Homicide
QAT,2022,2.0,Homicide
ROU,1990,796.0,Homicide
ROU,1991,826.0,Homicide
ROU,1992,839.0,Homicide
ROU,1993,737.0,Homicide
ROU,1994,776.0,Homicide
ROU,1995,758.0,Homicide
ROU,1996,722.0,Homicide
ROU,1997,693.0,Homicide
ROU,1998,561.0,Homicide
ROU,1999,566.0,Homicide
ROU,2000,556.0,Homicide
ROU,2001,699.0,Homicide
ROU,2002,656.0,Homicide
ROU,2003,696.0,Homicide
ROU,2004,487.0,Homicide
ROU,2005,433.0,Homicide
ROU,2006,357.0,Homicide
ROU,2007,379.0,Homicide
ROU,2008,302.0,Homicide
ROU,2009,258.0,Homicide
ROU,2010,266.0,Homicide
ROU,2011,205.0,Homicide
ROU,2012,212.0,Homicide
ROU,2013,218.0,Homicide
ROU,2014,325.0,Homicide
ROU,2015,339.0,Homicide
ROU,2016,306.0,Homicide
ROU,2017,255.0,Homicide
ROU,2018,250.0,Homicide
ROU,2019,244.0,Homicide
ROU,2020,281.0,Homicide
ROU,2021,244.0,Homicide
ROU,2022,247.0,Homicide
ROU,2023,212.0,Homicide
ROU,2024,213.0,Homicide
RUS,1990,21145.0,Homicide
RUS,1991,22621.0,Homicide
RUS,1992,33912.0,Homicide
RUS,1993,45060.0,Homicide
RUS,1994,47870.0,Homicide
RUS,1995,45257.0,Homicide
RUS,1996,39083.0,Homicide
RUS,1997,34995.0,Homicide
RUS,1998,33553.0,Homicide
RUS,1999,38225.0,Homicide
RUS,2000,41090.0,Homicide
RUS,2001,42921.0,Homicide
RUS,2002,44252.0,Homicide
RUS,2003,41764.0,Homicide
RUS,2004,39256.0,Homicide
RUS,2005,35636.0,Homicide
RUS,2006,28844.0,Homicide
RUS,2007,25377.0,Homicide
RUS,2008,18188.0,Homicide
RUS,2009,17659.0,Homicide
RUS,2010,16690.0,Homicide
RUS,2011,16175.0,Homicide
RUS,2012,16247.0,Homicide
RUS,2013,16033.0,Homicide
RUS,2014,16516.0,Homicide
RUS,2015,16646.0,Homicide
RUS,2016,15864.0,Homicide
RUS,2017,13293.0,Homicide
RUS,2018,11964.0,Homicide
RUS,2019,11202.0,Homicide
RUS,2020,10697.0,Homicide
RUS,2021,9866.0,Homicide
RUS,2024,11327.0,Homicide
RWA,2006,319.0,Homicide
RWA,2007,268.0,Homicide
RWA,2008,144.0,Homicide
RWA,2010,291.0,Homicide
RWA,2012,256.0,Homicide
RWA,2013,359.0,Homicide
RWA,2014,428.0,Homicide
RWA,2015,293.0,Homicide
RWA,2016,392.0,Homicide
RWA,2017,470.0,Homicide
RWA,2018,285.0,Homicide
RWA,2019,404.0,Homicide
RWA,2020,472.0,Homicide
KNA,1995,4.0,Homicide
KNA,1996,4.0,Homicide
KNA,1997,7.0,Homicide
KNA,1998,8.0,Homicide
KNA,1999,6.0,Homicide
KNA,2000,3.0,Homicide
KNA,2001,6.0,Homicide
KNA,2002,5.0,Homicide
KNA,2003,10.0,Homicide
KNA,2004,11.0,Homicide
KNA,2005,8.0,Homicide
KNA,2006,17.0,Homicide
KNA,2007,16.0,Homicide
KNA,2008,23.0,Homicide
KNA,2009,27.0,Homicide
KNA,2010,21.0,Homicide
KNA,2011,34.0,Homicide
KNA,2012,18.0,Homicide
KNA,2016,30.0,Homicide
KNA,2017,23.0,Homicide
KNA,2018,23.0,Homicide
KNA,2019,12.0,Homicide
KNA,2020,10.0,Homicide
KNA,2021,14.0,Homicide
KNA,2022,11.0,Homicide
LCA,1990,14.0,Homicide
LCA,1991,10.0,Homicide
LCA,1992,14.0,Homicide
LCA,1993,8.0,Homicide
LCA,1994,10.0,Homicide
LCA,1995,16.0,Homicide
LCA,1996,12.0,Homicide
LCA,1997,13.0,Homicide
LCA,1998,14.0,Homicide
LCA,1999,16.0,Homicide
LCA,2000,23.0,Homicide
LCA,2001,34.0,Homicide
LCA,2002,42.0,Homicide
LCA,2003,36.0,Homicide
LCA,2004,37.0,Homicide
LCA,2005,41.0,Homicide
LCA,2006,43.0,Homicide
LCA,2007,29.0,Homicide
LCA,2008,39.0,Homicide
LCA,2009,39.0,Homicide
LCA,2010,44.0,Homicide
LCA,2011,46.0,Homicide
LCA,2012,39.0,Homicide
LCA,2013,33.0,Homicide
LCA,2014,34.0,Homicide
LCA,2015,28.0,Homicide
LCA,2016,30.0,Homicide
LCA,2017,49.0,Homicide
LCA,2018,37.0,Homicide
LCA,2019,46.0,Homicide
LCA,2020,52.0,Homicide
LCA,2021,70.0,Homicide
LCA,2022,66.0,Homicide
LCA,2023,70.0,Homicide
VCT,1990,11.0,Homicide
VCT,1991,18.0,Homicide
VCT,1992,18.0,Homicide
VCT,1993,14.0,Homicide
VCT,1994,13.0,Homicide
VCT,1995,20.0,Homicide
VCT,1996,24.0,Homicide
VCT,1997,9.0,Homicide
VCT,1998,24.0,Homicide
VCT,1999,14.0,Homicide
VCT,2000,20.0,Homicide
VCT,2001,12.0,Homicide
VCT,2002,20.0,Homicide
VCT,2003,18.0,Homicide
VCT,2004,29.0,Homicide
VCT,2005,26.0,Homicide
VCT,2006,20.0,Homicide
VCT,2007,40.0,Homicide
VCT,2008,16.0,Homicide
VCT,2009,23.0,Homicide
VCT,2010,25.0,Homicide
VCT,2016,40.0,Homicide
VCT,2017,39.0,Homicide
VCT,2018,34.0,Homicide
VCT,2019,19.0,Homicide
VCT,2020,33.0,Homicide
VCT,2021,32.0,Homicide
VCT,2022,42.0,Homicide
WSM,2009,16.0,Homicide
WSM,2010,16.0,Homicide
WSM,2013,6.0,Homicide
WSM,2017,7.0,Homicide
WSM,2018,13.0,Homicide
SMR,1997,0.0,Homicide
SMR,1998,0.0,Homicide
SMR,1999,0.0,Homicide
SMR,2000,0.0,Homicide
SMR,2001,0.0,Homicide
SMR,2002,1.0,Homicide
SMR,2003,0.0,Homicide
SMR,2004,0.0,Homicide
SMR,2005,0.0,Homicide
SMR,2006,0.0,Homicide
SMR,2007,0.0,Homicide
SMR,2008,0.0,Homicide
SMR,2009,0.0,Homicide
SMR,2010,0.0,Homicide
SMR,2011,0.0,Homicide
STP,1990,8.0,Homicide
STP,1991,7.0,Homicide
STP,1992,12.0,Homicide
STP,1993,8.0,Homicide
STP,1994,8.0,Homicide
STP,2006,4.0,Homicide
STP,2007,4.0,Homicide
STP,2008,14.0,Homicide
STP,2009,5.0,Homicide
STP,2010,6.0,Homicide
STP,2011,6.0,Homicide
SAU,1999,184.0,Homicide
SAU,2000,173.0,Homicide
SAU,2001,229.0,Homicide
SAU,2002,285.0,Homicide
SAU,2003,250.0,Homicide
SAU,2004,301.0,Homicide
SAU,2005,297.0,Homicide
SAU,2006,255.0,Homicide
SAU,2007,265.0,Homicide
SAU,2018,224.0,Homicide
SAU,2019,285.0,Homicide
SRB,2000,228.0,Homicide
SRB,2001,243.0,Homicide
SRB,2002,200.0,Homicide
SRB,2003,176.0,Homicide
SRB,2004,164.0,Homicide
SRB,2005,147.0,Homicide
SRB,2006,156.0,Homicide
SRB,2007,171.0,Homicide
SRB,2008,140.0,Homicide
SRB,2009,154.0,Homicide
SRB,2010,132.0,Homicide
SRB,2011,129.0,Homicide
SRB,2012,110.0,Homicide
SRB,2013,139.0,Homicide
SRB,2014,118.0,Homicide
SRB,2015,100.0,Homicide
SRB,2016,116.0,Homicide
SRB,2017,86.0,Homicide
SRB,2018,105.0,Homicide
SRB,2019,88.0,Homicide
SRB,2020,84.0,Homicide
SRB,2021,77.0,Homicide
SRB,2022,74.0,Homicide
SRB,2023,89.0,Homicide
SYC,2004,10.0,Homicide
SYC,2006,9.0,Homicide
SYC,2007,8.0,Homicide
SYC,2008,6.0,Homicide
SYC,2009,14.0,Homicide
SYC,2010,9.0,Homicide
SYC,2011,16.0,Homicide
SYC,2012,4.0,Homicide
SYC,2013,18.0,Homicide
SYC,2014,16.0,Homicide
SYC,2015,7.0,Homicide
SYC,2016,12.0,Homicide
SYC,2017,7.0,Homicide
SYC,2018,9.0,Homicide
SYC,2019,10.0,Homicide
SYC,2020,9.0,Homicide
SYC,2021,5.0,Homicide
SYC,2022,10.0,Homicide
SLE,2004,112.0,Homicide
SLE,2005,99.0,Homicide
SLE,2006,101.0,Homicide
SLE,2007,134.0,Homicide
SLE,2008,184.0,Homicide
SLE,2009,158.0,Homicide
SLE,2010,163.0,Homicide
SLE,2011,187.0,Homicide
SLE,2012,113.0,Homicide
SLE,2015,124.0,Homicide
SLE,2020,176.0,Homicide
SGP,1990,47.0,Homicide
SGP,1991,51.0,Homicide
SGP,1992,43.0,Homicide
SGP,1993,58.0,Homicide
SGP,1994,49.0,Homicide
SGP,1995,54.0,Homicide
SGP,1996,33.0,Homicide
SGP,1997,38.0,Homicide
SGP,1998,40.0,Homicide
SGP,1999,39.0,Homicide
SGP,2000,41.0,Homicide
SGP,2001,32.0,Homicide
SGP,2002,31.0,Homicide
SGP,2003,27.0,Homicide
SGP,2004,20.0,Homicide
SGP,2006,17.0,Homicide
SGP,2007,18.0,Homicide
SGP,2008,27.0,Homicide
SGP,2009,20.0,Homicide
SGP,2010,19.0,Homicide
SGP,2011,16.0,Homicide
SGP,2012,11.0,Homicide
SGP,2013,17.0,Homicide
SGP,2014,14.0,Homicide
SGP,2015,14.0,Homicide
SGP,2016,18.0,Homicide
SGP,2017,11.0,Homicide
SGP,2018,9.0,Homicide
SGP,2019,12.0,Homicide
SGP,2020,10.0,Homicide
SGP,2021,6.0,Homicide
SGP,2022,7.0,Homicide
SGP,2023,4.0,Homicide
SVK,1990,93.0,Homicide
SVK,1991,128.0,Homicide
SVK,1993,137.0,Homicide
SVK,1994,129.0,Homicide
SVK,1995,128.0,Homicide
SVK,1996,132.0,Homicide
SVK,1997,140.0,Homicide
SVK,1998,128.0,Homicide
SVK,1999,141.0,Homicide
SVK,2000,129.0,Homicide
SVK,2001,118.0,Homicide
SVK,2002,121.0,Homicide
SVK,2003,137.0,Homicide
SVK,2004,108.0,Homicide
SVK,2005,93.0,Homicide
SVK,2006,82.0,Homicide
SVK,2007,82.0,Homicide
SVK,2008,86.0,Homicide
SVK,2009,78.0,Homicide
SVK,2010,89.0,Homicide
SVK,2011,96.0,Homicide
SVK,2012,75.0,Homicide
SVK,2013,78.0,Homicide
SVK,2014,72.0,Homicide
SVK,2015,48.0,Homicide
SVK,2016,60.0,Homicide
SVK,2017,80.0,Homicide
SVK,2018,67.0,Homicide
SVK,2019,76.0,Homicide
SVK,2020,63.0,Homicide
SVK,2021,55.0,Homicide
SVK,2022,42.0,Homicide
SVK,2023,62.0,Homicide
SVN,1990,41.0,Homicide
SVN,1991,40.0,Homicide
SVN,1992,48.0,Homicide
SVN,1993,26.0,Homicide
SVN,1994,41.0,Homicide
SVN,1995,44.0,Homicide
SVN,1996,38.0,Homicide
SVN,1997,36.0,Homicide
SVN,1998,14.0,Homicide
SVN,1999,25.0,Homicide
SVN,2000,36.0,Homicide
SVN,2001,28.0,Homicide
SVN,2002,36.0,Homicide
SVN,2003,21.0,Homicide
SVN,2004,27.0,Homicide
SVN,2005,20.0,Homicide
SVN,2006,12.0,Homicide
SVN,2007,24.0,Homicide
SVN,2008,10.0,Homicide
SVN,2009,13.0,Homicide
SVN,2010,15.0,Homicide
SVN,2011,16.0,Homicide
SVN,2012,14.0,Homicide
SVN,2013,12.0,Homicide
SVN,2014,16.0,Homicide
SVN,2015,20.0,Homicide
SVN,2016,10.0,Homicide
SVN,2017,19.0,Homicide
SVN,2018,9.0,Homicide
SVN,2019,14.0,Homicide
SVN,2020,11.0,Homicide
SVN,2021,9.0,Homicide
SVN,2022,13.0,Homicide
SVN,2023,12.0,Homicide
SLB,2004,20.0,Homicide
SLB,2005,26.0,Homicide
SLB,2006,23.0,Homicide
SLB,2007,26.0,Homicide
SLB,2008,19.0,Homicide
ZAF,1994,25965.0,Homicide
ZAF,1995,26877.0,Homicide
ZAF,1996,25470.0,Homicide
ZAF,1997,24486.0,Homicide
ZAF,1998,25127.0,Homicide
ZAF,1999,22604.0,Homicide
ZAF,2000,21758.0,Homicide
ZAF,2001,21405.0,Homicide
ZAF,2002,21553.0,Homicide
ZAF,2003,19824.0,Homicide
ZAF,2004,18793.0,Homicide
ZAF,2005,18528.0,Homicide
ZAF,2006,19106.0,Homicide
ZAF,2007,18400.0,Homicide
ZAF,2008,18084.0,Homicide
ZAF,2009,16767.0,Homicide
ZAF,2010,15893.0,Homicide
ZAF,2011,15554.0,Homicide
ZAF,2012,16213.0,Homicide
ZAF,2013,17023.0,Homicide
ZAF,2014,17805.0,Homicide
ZAF,2015,18673.0,Homicide
ZAF,2016,19016.0,Homicide
ZAF,2017,20336.0,Homicide
ZAF,2018,21022.0,Homicide
ZAF,2019,21325.0,Homicide
ZAF,2020,19972.0,Homicide
ZAF,2021,25181.0,Homicide
ZAF,2022,27272.0,Homicide
KOR,1990,208.03244,Homicide
KOR,1991,216.55518,Homicide
KOR,1992,239.79903,Homicide
KOR,1993,306.4314,Homicide
KOR,1994,223.52834,Homicide
KOR,1995,228.1771,Homicide
KOR,1996,246.38478,Homicide
KOR,1997,277.3766,Homicide
KOR,1998,377.71252,Homicide
KOR,1999,384.68567,Homicide
KOR,2000,369.96457,Homicide
KOR,2001,407.15472,Homicide
KOR,2002,370.73935,Homicide
KOR,2003,386.62265,Homicide
KOR,2004,419.93884,Homicide
KOR,2005,411.0287,Homicide
KOR,2006,415.67746,Homicide
KOR,2007,430.39856,Homicide
KOR,2008,429.62378,Homicide
KOR,2009,532.2841,Homicide
KOR,2010,484.63422,Homicide
KOR,2011,403.0,Homicide
KOR,2012,435.0,Homicide
KOR,2013,352.0,Homicide
KOR,2014,377.0,Homicide
KOR,2015,375.0,Homicide
KOR,2016,356.0,Homicide
KOR,2017,301.0,Homicide
KOR,2018,309.0,Homicide
KOR,2019,297.0,Homicide
KOR,2020,308.0,Homicide
KOR,2021,245.0,Homicide
KOR,2022,257.0,Homicide
KOR,2023,247.0,Homicide
ESP,1990,483.95798,Homicide
ESP,1991,439.4999,Homicide
ESP,1992,440.77014,Homicide
ESP,1993,473.79614,Homicide
ESP,1994,429.0,Homicide
ESP,1995,411.0,Homicide
ESP,1996,397.0,Homicide
ESP,1997,463.0,Homicide
ESP,1998,522.0,Homicide
ESP,1999,486.0,Homicide
ESP,2000,553.0,Homicide
ESP,2001,577.0,Homicide
ESP,2002,564.0,Homicide
ESP,2003,587.0,Homicide
ESP,2004,520.0,Homicide
ESP,2005,518.0,Homicide
ESP,2006,476.0,Homicide
ESP,2007,482.0,Homicide
ESP,2008,407.0,Homicide
ESP,2009,412.0,Homicide
ESP,2010,401.0,Homicide
ESP,2011,385.0,Homicide
ESP,2012,364.0,Homicide
ESP,2013,302.0,Homicide
ESP,2014,323.0,Homicide
ESP,2015,302.0,Homicide
ESP,2016,294.0,Homicide
ESP,2017,307.0,Homicide
ESP,2018,289.0,Homicide
ESP,2019,331.0,Homicide
ESP,2020,331.0,Homicide
ESP,2021,290.0,Homicide
ESP,2022,325.0,Homicide
ESP,2023,331.0,Homicide
LKA,1990,1985.0,Homicide
LKA,1995,1614.0,Homicide
LKA,1996,1775.0,Homicide
LKA,1997,1851.0,Homicide
LKA,1999,1919.0,Homicide
LKA,2005,1219.0,Homicide
LKA,2006,2044.0,Homicide
LKA,2008,2002.0,Homicide
LKA,2009,1099.0,Homicide
LKA,2010,763.0,Homicide
LKA,2011,732.0,Homicide
LKA,2012,676.0,Homicide
LKA,2013,619.0,Homicide
LKA,2014,553.0,Homicide
LKA,2015,487.0,Homicide
LKA,2016,530.0,Homicide
LKA,2017,486.0,Homicide
LKA,2018,514.0,Homicide
LKA,2019,742.0,Homicide
SUR,2000,68.0,Homicide
SUR,2001,79.0,Homicide
SUR,2002,57.0,Homicide
SUR,2003,60.0,Homicide
SUR,2004,46.0,Homicide
SUR,2005,69.0,Homicide
SUR,2006,62.0,Homicide
SUR,2007,45.0,Homicide
SUR,2008,43.0,Homicide
SUR,2013,29.0,Homicide
SUR,2014,32.0,Homicide
SUR,2015,34.0,Homicide
SUR,2016,41.0,Homicide
SUR,2017,36.0,Homicide
SUR,2018,38.0,Homicide
SUR,2019,30.0,Homicide
SUR,2020,55.0,Homicide
SUR,2021,35.0,Homicide
SUR,2022,45.0,Homicide
SUR,2023,41.0,Homicide
SWE,1990,95.0,Homicide
SWE,1991,115.0,Homicide
SWE,1992,114.0,Homicide
SWE,1993,108.0,Homicide
SWE,1994,100.0,Homicide
SWE,1995,87.0,Homicide
SWE,1996,99.0,Homicide
SWE,1997,87.0,Homicide
SWE,1998,92.0,Homicide
SWE,1999,101.0,Homicide
SWE,2000,96.0,Homicide
SWE,2001,87.0,Homicide
SWE,2002,101.0,Homicide
SWE,2003,85.0,Homicide
SWE,2004,107.0,Homicide
SWE,2005,83.0,Homicide
SWE,2006,91.0,Homicide
SWE,2007,111.0,Homicide
SWE,2008,82.0,Homicide
SWE,2009,93.0,Homicide
SWE,2010,91.0,Homicide
SWE,2011,81.0,Homicide
SWE,2012,68.0,Homicide
SWE,2013,87.0,Homicide
SWE,2014,87.0,Homicide
SWE,2015,112.0,Homicide
SWE,2016,106.0,Homicide
SWE,2017,113.0,Homicide
SWE,2018,108.0,Homicide
SWE,2019,111.0,Homicide
SWE,2020,124.0,Homicide
SWE,2021,113.0,Homicide
SWE,2022,116.0,Homicide
SWE,2023,121.0,Homicide
CHE,1990,110.0,Homicide
CHE,1991,98.0,Homicide
CHE,1992,93.0,Homicide
CHE,1993,105.0,Homicide
CHE,1994,80.0,Homicide
CHE,1995,82.0,Homicide
CHE,1996,83.0,Homicide
CHE,1997,87.0,Homicide
CHE,1998,76.0,Homicide
CHE,1999,89.0,Homicide
CHE,2000,69.0,Homicide
CHE,2001,86.0,Homicide
CHE,2002,86.0,Homicide
CHE,2009,51.0,Homicide
CHE,2010,52.0,Homicide
CHE,2011,46.0,Homicide
CHE,2012,45.0,Homicide
CHE,2013,57.0,Homicide
CHE,2014,41.0,Homicide
CHE,2015,57.0,Homicide
CHE,2016,45.0,Homicide
CHE,2017,45.0,Homicide
CHE,2018,50.0,Homicide
CHE,2019,46.0,Homicide
CHE,2020,47.0,Homicide
CHE,2021,42.0,Homicide
CHE,2022,42.0,Homicide
CHE,2023,53.0,Homicide
SYR,1997,296.0,Homicide
SYR,1998,336.0,Homicide
SYR,1999,330.0,Homicide
SYR,2000,357.0,Homicide
SYR,2001,376.0,Homicide
SYR,2002,368.0,Homicide
SYR,2003,405.0,Homicide
SYR,2004,426.0,Homicide
SYR,2005,430.0,Homicide
SYR,2006,446.0,Homicide
SYR,2007,533.0,Homicide
SYR,2008,529.0,Homicide
SYR,2009,476.0,Homicide
SYR,2010,463.0,Homicide
TJK,1990,168.0,Homicide
TJK,1991,148.0,Homicide
TJK,1992,605.0,Homicide
TJK,1993,1304.0,Homicide
TJK,1994,636.0,Homicide
TJK,1995,435.0,Homicide
TJK,1996,484.0,Homicide
TJK,1997,498.0,Homicide
TJK,1998,491.0,Homicide
TJK,1999,357.0,Homicide
TJK,2000,283.0,Homicide
TJK,2001,233.0,Homicide
TJK,2002,180.0,Homicide
TJK,2003,164.0,Homicide
TJK,2004,142.0,Homicide
TJK,2005,157.0,Homicide
TJK,2006,194.0,Homicide
TJK,2007,132.0,Homicide
TJK,2008,100.0,Homicide
TJK,2009,97.0,Homicide
TJK,2010,181.0,Homicide
TJK,2011,126.0,Homicide
TJK,2020,87.0,Homicide
TZA,1995,2110.0,Homicide
TZA,1996,2283.0,Homicide
TZA,1997,2355.0,Homicide
TZA,2003,2778.0,Homicide
TZA,2004,2926.0,Homicide
TZA,2010,3888.0,Homicide
TZA,2011,4149.0,Homicide
TZA,2012,4092.0,Homicide
TZA,2013,3697.0,Homicide
TZA,2015,3746.0,Homicide
TZA,2016,3439.0,Homicide
TZA,2017,3147.0,Homicide
TZA,2018,2734.0,Homicide
TZA,2019,2719.0,Homicide
TZA,2020,2286.0,Homicide
THA,1990,5344.0,Homicide
THA,1991,5585.6973,Homicide
THA,1992,5958.6387,Homicide
THA,1993,5482.2363,Homicide
THA,1994,5005.834,Homicide
THA,1995,4542.0,Homicide
THA,1996,4474.0,Homicide
THA,1997,4787.0,Homicide
THA,1998,5361.0,Homicide
THA,1999,5052.0,Homicide
THA,2000,5142.0,Homicide
THA,2001,5020.0,Homicide
THA,2002,4538.0,Homicide
THA,2003,6434.0,Homicide
THA,2004,4273.0,Homicide
THA,2005,4806.0,Homicide
THA,2006,4687.0,Homicide
THA,2007,4435.0,Homicide
THA,2008,3974.0,Homicide
THA,2009,3703.0,Homicide
THA,2010,3654.0,Homicide
THA,2011,3307.0,Homicide
TON,1995,2.0,Homicide
TON,1996,2.0,Homicide
TON,1997,2.0,Homicide
TON,2000,1.0,Homicide
TON,2001,6.0,Homicide
TON,2002,6.0,Homicide
TON,2003,6.0,Homicide
TON,2004,2.0,Homicide
TON,2005,4.0,Homicide
TON,2006,8.0,Homicide
TON,2007,1.0,Homicide
TON,2008,4.0,Homicide
TON,2009,8.0,Homicide
TON,2010,1.0,Homicide
TON,2011,2.0,Homicide
TON,2012,1.0,Homicide
TON,2018,10.0,Homicide
TON,2019,1.0,Homicide
TTO,2000,120.0,Homicide
TTO,2001,151.0,Homicide
TTO,2002,171.0,Homicide
TTO,2003,229.0,Homicide
TTO,2004,260.0,Homicide
TTO,2005,386.0,Homicide
TTO,2006,371.0,Homicide
TTO,2007,391.0,Homicide
TTO,2008,547.0,Homicide
TTO,2009,507.0,Homicide
TTO,2010,473.0,Homicide
TTO,2011,352.0,Homicide
TTO,2012,380.0,Homicide
TTO,2013,407.0,Homicide
TTO,2014,405.0,Homicide
TTO,2015,420.0,Homicide
TTO,2016,463.0,Homicide
TTO,2017,495.0,Homicide
TTO,2018,517.0,Homicide
TTO,2019,539.0,Homicide
TTO,2020,399.0,Homicide
TTO,2021,448.0,Homicide
TTO,2022,605.0,Homicide
TUN,2004,195.0,Homicide
TUN,2005,260.0,Homicide
TUN,2006,249.0,Homicide
TUN,2007,273.0,Homicide
TUN,2008,280.0,Homicide
TUN,2009,255.0,Homicide
TUN,2010,286.0,Homicide
TUN,2012,332.0,Homicide
TUN,2019,571.0,Homicide
TUN,2020,562.0,Homicide
TUR,2003,2837.0,Homicide
TUR,2004,2914.0,Homicide
TUR,2005,3305.0,Homicide
TUR,2006,3168.0,Homicide
TUR,2007,3599.0,Homicide
TUR,2008,3257.0,Homicide
TUR,2010,3064.0,Homicide
TUR,2011,3061.0,Homicide
TUR,2012,3216.0,Homicide
TUR,2015,2235.0,Homicide
TUR,2016,2704.0,Homicide
TUR,2017,2541.0,Homicide
TUR,2018,2161.0,Homicide
TUR,2019,2045.0,Homicide
TUR,2020,2144.0,Homicide
TUR,2021,2165.0,Homicide
TUR,2022,2282.0,Homicide
TUR,2023,2817.0,Homicide
TKM,1990,332.0,Homicide
TKM,1991,306.0,Homicide
TKM,1992,296.0,Homicide
TKM,1993,332.0,Homicide
TKM,1994,308.0,Homicide
TKM,1995,269.0,Homicide
TKM,1996,334.0,Homicide
TKM,1997,358.0,Homicide
TKM,1998,345.0,Homicide
TKM,1999,321.0,Homicide
TKM,2000,267.0,Homicide
TKM,2001,248.0,Homicide
TKM,2002,241.0,Homicide
TKM,2003,233.0,Homicide
TKM,2004,209.0,Homicide
TKM,2005,206.0,Homicide
TKM,2006,203.0,Homicide
TKM,2010,105.0,Homicide
TKM,2011,100.0,Homicide
TKM,2012,79.0,Homicide
TKM,2013,84.0,Homicide
TKM,2014,89.0,Homicide
TKM,2015,63.0,Homicide
TCA,2007,2.0,Homicide
TCA,2008,2.0,Homicide
TCA,2009,2.0,Homicide
TCA,2013,4.0,Homicide
TCA,2014,2.0,Homicide
TCA,2019,13.0,Homicide
TCA,2020,23.0,Homicide
TCA,2021,14.0,Homicide
TCA,2022,35.0,Homicide
TUV,2002,0.0,Homicide
TUV,2003,0.0,Homicide
TUV,2004,0.0,Homicide
TUV,2005,0.0,Homicide
TUV,2006,0.0,Homicide
TUV,2007,0.0,Homicide
TUV,2008,0.0,Homicide
TUV,2009,0.0,Homicide
TUV,2010,1.0,Homicide
TUV,2011,1.0,Homicide
TUV,2012,2.0,Homicide
TUV,2019,0.0,Homicide
UGA,1995,1710.0,Homicide
UGA,1996,1806.0,Homicide
UGA,1997,1919.0,Homicide
UGA,2007,2645.0,Homicide
UGA,2008,2793.0,Homicide
UGA,2009,3233.0,Homicide
UGA,2010,3160.0,Homicide
UGA,2011,3753.0,Homicide
UGA,2012,4066.0,Homicide
UGA,2013,3857.0,Homicide
UGA,2014,4473.0,Homicide
UGA,2016,4482.0,Homicide
UGA,2017,4735.0,Homicide
UGA,2018,4497.0,Homicide
UGA,2019,4718.0,Homicide
UGA,2020,4460.0,Homicide
UGA,2021,3912.0,Homicide
UGA,2022,4143.0,Homicide
UGA,2023,4366.0,Homicide
UKR,1990,2558.0,Homicide
UKR,1991,2648.0,Homicide
UKR,1992,3370.0,Homicide
UKR,1993,3696.0,Homicide
UKR,1994,4223.0,Homicide
UKR,1995,4407.0,Homicide
UKR,1996,4896.0,Homicide
UKR,1997,4231.0,Homicide
UKR,1998,4195.0,Homicide
UKR,1999,4250.0,Homicide
UKR,2000,4418.0,Homicide
UKR,2001,4854.0,Homicide
UKR,2002,4296.0,Homicide
UKR,2003,4041.0,Homicide
UKR,2004,3487.0,Homicide
UKR,2005,3030.0,Homicide
UKR,2006,2958.0,Homicide
UKR,2007,2646.0,Homicide
UKR,2008,2466.0,Homicide
UKR,2009,2240.0,Homicide
UKR,2010,1988.0,Homicide
UKR,2012,2336.0,Homicide
UKR,2014,2845.0,Homicide
UKR,2017,2751.0,Homicide
UKR,2018,2002.0,Homicide
UKR,2019,1820.0,Homicide
UKR,2020,1698.0,Homicide
UKR,2021,1673.0,Homicide
ARE,2010,67.0,Homicide
ARE,2011,51.0,Homicide
ARE,2012,69.0,Homicide
ARE,2013,57.0,Homicide
ARE,2014,61.0,Homicide
ARE,2015,60.0,Homicide
ARE,2019,64.0,Homicide
ARE,2020,65.0,Homicide
ARE,2021,44.0,Homicide
ARE,2022,71.0,Homicide
GBR,1990,729.9841,Homicide
GBR,1991,800.0,Homicide
GBR,1992,799.0,Homicide
GBR,1993,781.0,Homicide
GBR,1994,825.0,Homicide
GBR,1995,809.0,Homicide
GBR,1996,747.0,Homicide
GBR,1997,733.0,Homicide
GBR,1998,811.0,Homicide
GBR,1999,824.0,Homicide
GBR,2000,911.0,Homicide
GBR,2001,964.0,Homicide
GBR,2002,1107.0,Homicide
GBR,2005,835.0,Homicide
GBR,2006,862.0,Homicide
GBR,2007,874.0,Homicide
GBR,2008,760.0,Homicide
GBR,2009,703.0,Homicide
GBR,2010,756.0,Homicide
GBR,2011,640.0,Homicide
GBR,2012,627.0,Homicide
GBR,2013,602.0,Homicide
GBR,2014,584.0,Homicide
GBR,2015,620.0,Homicide
GBR,2016,773.0,Homicide
GBR,2017,780.0,Homicide
GBR,2018,728.0,Homicide
GBR,2019,772.0,Homicide
GBR,2020,637.0,Homicide
GBR,2021,757.0,Homicide
USA,1990,23438.0,Homicide
USA,1991,24703.0,Homicide
USA,1992,23760.0,Homicide
USA,1993,24526.0,Homicide
USA,1994,23326.0,Homicide
USA,1995,21606.0,Homicide
USA,1996,19645.0,Homicide
USA,1997,18208.0,Homicide
USA,1998,16974.0,Homicide
USA,1999,15522.0,Homicide
USA,2000,15586.0,Homicide
USA,2001,19033.0,Homicide
USA,2002,16229.0,Homicide
USA,2006,17309.0,Homicide
USA,2007,17128.0,Homicide
USA,2008,16465.0,Homicide
USA,2009,15399.0,Homicide
USA,2010,14722.0,Homicide
USA,2011,14661.0,Homicide
USA,2012,14856.0,Homicide
USA,2013,14319.0,Homicide
USA,2014,14164.0,Homicide
USA,2015,15883.0,Homicide
USA,2016,17413.0,Homicide
USA,2017,17294.0,Homicide
USA,2018,16374.0,Homicide
USA,2019,16669.0,Homicide
USA,2020,21570.0,Homicide
USA,2021,23062.0,Homicide
USA,2022,22243.0,Homicide
USA,2023,19796.0,Homicide
VIR,2002,41.0,Homicide
VIR,2003,31.0,Homicide
VIR,2004,37.0,Homicide
VIR,2005,37.0,Homicide
VIR,2006,43.0,Homicide
VIR,2007,43.0,Homicide
VIR,2008,46.0,Homicide
VIR,2009,50.0,Homicide
VIR,2010,56.0,Homicide
VIR,2011,45.0,Homicide
VIR,2012,52.0,Homicide
URY,1990,206.0,Homicide
URY,1991,194.0,Homicide
URY,1992,182.0,Homicide
URY,1995,191.0,Homicide
URY,1996,205.0,Homicide
URY,1997,243.0,Homicide
URY,1998,244.0,Homicide
URY,1999,216.0,Homicide
URY,2000,214.0,Homicide
URY,2001,218.0,Homicide
URY,2002,231.0,Homicide
URY,2003,197.0,Homicide
URY,2004,200.0,Homicide
URY,2005,190.0,Homicide
URY,2006,202.0,Homicide
URY,2007,194.0,Homicide
URY,2008,221.0,Homicide
URY,2009,226.0,Homicide
URY,2010,205.0,Homicide
URY,2011,199.0,Homicide
URY,2012,267.0,Homicide
URY,2013,260.0,Homicide
URY,2014,268.0,Homicide
URY,2015,293.0,Homicide
URY,2016,267.0,Homicide
URY,2017,283.0,Homicide
URY,2018,421.0,Homicide
URY,2019,394.0,Homicide
URY,2020,341.0,Homicide
URY,2021,306.0,Homicide
URY,2022,383.0,Homicide
URY,2023,381.0,Homicide
UZB,1990,1125.0,Homicide
UZB,1991,1062.0,Homicide
UZB,1992,1145.0,Homicide
UZB,1993,1139.0,Homicide
UZB,1994,1219.0,Homicide
UZB,1995,1157.0,Homicide
UZB,1996,1153.0,Homicide
UZB,1997,1054.0,Homicide
UZB,1998,1065.0,Homicide
UZB,1999,1014.0,Homicide
UZB,2000,1068.0,Homicide
UZB,2001,1081.0,Homicide
UZB,2002,1058.0,Homicide
UZB,2003,963.0,Homicide
UZB,2004,962.0,Homicide
UZB,2005,910.0,Homicide
UZB,2006,861.0,Homicide
UZB,2007,815.0,Homicide
UZB,2008,831.0,Homicide
UZB,2015,506.0,Homicide
UZB,2016,757.0,Homicide
UZB,2017,591.0,Homicide
UZB,2018,474.0,Homicide
UZB,2019,396.0,Homicide
UZB,2020,449.0,Homicide
UZB,2021,479.0,Homicide
VUT,2019,2.0,Homicide
VUT,2020,1.0,Homicide
VNM,2001,1004.0,Homicide
VNM,2002,1067.0,Homicide
VNM,2003,1059.0,Homicide
VNM,2004,1063.0,Homicide
VNM,2005,1053.0,Homicide
VNM,2006,1048.0,Homicide
VNM,2007,1168.0,Homicide
VNM,2008,1092.0,Homicide
VNM,2009,1233.0,Homicide
VNM,2010,1336.0,Homicide
VNM,2011,1358.0,Homicide
OWID_WRL,2000,427704.66,Homicide
OWID_WRL,2001,439013.12,Homicide
OWID_WRL,2002,442381.94,Homicide
OWID_WRL,2003,436448.53,Homicide
OWID_WRL,2004,427595.8,Homicide
OWID_WRL,2005,419321.56,Homicide
OWID_WRL,2006,416774.47,Homicide
OWID_WRL,2007,410444.16,Homicide
OWID_WRL,2008,415414.28,Homicide
OWID_WRL,2009,423959.66,Homicide
OWID_WRL,2010,427703.75,Homicide
OWID_WRL,2011,438012.16,Homicide
OWID_WRL,2012,445350.34,Homicide
OWID_WRL,2013,444124.25,Homicide
OWID_WRL,2014,449028.1,Homicide
OWID_WRL,2015,442436.6,Homicide
OWID_WRL,2016,451045.78,Homicide
OWID_WRL,2017,450663.0,Homicide
OWID_WRL,2018,436878.75,Homicide
OWID_WRL,2019,421518.8,Homicide
OWID_WRL,2020,416965.16,Homicide
OWID_WRL,2021,438397.88,Homicide
OWID_WRL,2022,424085.38,Homicide
OWID_WRL,2023,420531.75,Homicide
ZMB,1990,550.0,Homicide
ZMB,1991,684.0,Homicide
ZMB,1992,768.0,Homicide
ZMB,1993,745.0,Homicide
ZMB,1994,831.0,Homicide
ZMB,1998,872.0,Homicide
ZMB,1999,1072.0,Homicide
ZMB,2000,797.0,Homicide
ZMB,2008,694.0,Homicide
ZMB,2009,812.0,Homicide
ZMB,2010,814.0,Homicide
ZMB,2011,863.0,Homicide
ZMB,2012,885.0,Homicide
ZMB,2013,867.0,Homicide
ZMB,2014,825.0,Homicide
ZMB,2015,853.0,Homicide
ZWE,1990,587.0,Homicide
ZWE,2001,1529.0,Homicide
ZWE,2002,1623.0,Homicide
ZWE,2003,1360.0,Homicide
ZWE,2004,1356.0,Homicide
ZWE,2005,1350.0,Homicide
ZWE,2006,1072.0,Homicide
ZWE,2010,711.0,Homicide
ZWE,2012,981.0,Homicide
ZWE,2018,734.0,Homicide
ZWE,2019,790.0,Homicide
ZWE,2020,780.0,Homicide
ZWE,2021,982.0,Homicide
ZWE,2022,1086.0,Homicide
